AC_Name,Zone,Ward_No,WardName,TotalPop,Area_sq_km,Pop_density,Ventilation_quality,percent_land_cover_in_greenery,green_land,percent_land_cover_in_water_bodies,water_area,percent_land_cover_in_buildings,buildings_area,percent_land_with_informal_growth_signature,planned_to_unplanned_ratio_index,building_footprint_size_index,narrow_street_density_index,major_roads_highways_density_index,area z score,pop density z score,Ventilation z score,Greenery z score,Water z score,Buildings z score,P/U Ratio z score,Footprint z score,Narrow Street z score,Major Roads z score
NARELA,Narela,1,NARELA,54908,7.017,7825,12.2368625,44,3.08748,0,0,54,3.78918,41,48,29,39,32,0.133260695,-1.16347132,-0.426582794,0.86527472,-0.626764184,-0.628400909,0.132643566,-0.580068973,-0.778540761,-0.309383439
NARELA,Narela,2,BANKNER,52874,19.336,2734,5.4751,74,14.30864,0,0,24,4.64064,23,8,19,21,32,1.290388165,-1.44200777,-1.354816529,2.432801386,-0.626764184,-2.074996004,-1.299792352,-1.139549078,-1.492507223,-0.309383439
NARELA,Narela,3,HOLAMBI KALAN,80238,25.115,3195,12.74425,38,9.5437,2,0.5023,58,14.5667,37,64,37,49,51,1.833211418,-1.41678575,-0.356930216,0.551769387,-0.206117081,-0.435521563,0.705617933,-0.132484889,-0.381892727,0.621182998
NARELA,Narela,4,ALIPUR,74449,34.757,2142,5.771355,67,23.28719,3,1.04271,28,9.73196,24,32,41,28,82,2.738887452,-1.474397002,-1.314147564,2.067045164,0.004206471,-1.882116658,-0.440330801,0.091307153,-1.214853599,2.139475605
NARELA,Narela,5,BAKHTAWARPUR,55144,55.798,988,14.429395,82,45.75436,4,2.23192,11,6.13778,71,8,18,22,19,4.715275074,-1.537534119,-0.125598749,2.850808497,0.214530023,-2.701853878,-1.299792352,-1.195497089,-1.452842419,-0.946086791
BURARI,Civil Line,6,BURARI,71180,11.98,5942,18.72005,53,6.3494,6,0.7188,37,4.4326,87,13,23,57,22,0.599436816,-1.26649315,0.463409031,1.33553272,0.635177126,-1.448138129,-1.120737862,-0.915757036,-0.0645743,-0.799155248
BURARI,Civil Line,7,KADIPUR,70169,13.095,5358,6.4136875,67,8.77365,1,0.13095,31,4.05945,39,23,43,28,29,0.70416911,-1.298444689,-1.225970155,2.067045164,-0.416440632,-1.737457148,-0.762628883,0.203203174,-1.214853599,-0.456314982
BURARI,Civil Line,8,MUKUNDPUR,86243,1.423,60606,21.3826025,22,0.31306,6,0.08538,67,0.95341,81,18,37,83,18,-0.392185451,1.724258478,0.82891596,-0.284244835,0.635177126,-0.001543035,-0.941683373,-0.132484889,0.966710589,-0.995063972
BURARI,Civil Line,9,SANT NAGAR,54096,3.272,16533,20.804088,3,0.09816,8,0.26176,82,2.68304,78,21,31,80,21,-0.218508311,-0.687043229,0.749499288,-1.277011724,1.055824229,0.721754513,-0.834250679,-0.468172952,0.847716179,-0.848132429
BURARI,Civil Line,10,JHARODA,83406,11.547,7223,10.4133975,53,6.11991,8,0.92376,33,3.81051,32,44,24,36,21,0.558764992,-1.196407667,-0.676902401,1.33553272,1.055824229,-1.641017475,-0.010600026,-0.859809026,-0.897535172,-0.848132429
TIMARPUR,Civil Line,11,TIMARPUR,76596,4.929,15540,5.926065,49,2.41521,22,1.08438,28,1.38012,29,58,59,32,62,-0.06286579,-0.741371788,-1.292909456,1.126529164,4.000353952,-1.882116658,0.490752546,1.098371343,-1.056194385,1.159931988
TIMARPUR,Civil Line,12,MALKA GANJ,68941,3.167,21769,4.920825,48,1.52016,1,0.03167,49,1.55183,22,78,67,26,38,-0.228370993,-0.400573605,-1.430905678,1.074278275,-0.416440632,-0.869500092,1.206970505,1.545955427,-1.294183206,-0.015520354
TIMARPUR,Civil Line,13,MUKHERJEE NAGAR,79914,3.813,20958,11.77122,36,1.37268,4,0.15252,59,2.24967,39,61,47,47,56,-0.167692014,-0.444944664,-0.490504749,0.447267609,0.214530023,-0.387301727,0.598185239,0.426995216,-0.461222334,0.866068902
ADARSH NAGAR,Civil Line,14,DHIRPUR,59858,6.647,9005,3.533235,58,3.85526,12,0.79764,29,1.92763,17,52,46,19,41,0.09850648,-1.098911702,-1.62138972,1.596787164,1.897118436,-1.833896821,0.275887158,0.371047206,-1.57183683,0.131411189
ADARSH NAGAR,Civil Line,15,ADARSH NAGAR,59139,2.264,26121,11.717,8,0.18112,1,0.02264,89,2.01496,29,61,52,61,52,-0.313190062,-0.162468982,-0.497947902,-1.01575728,-0.416440632,1.059293368,0.598185239,0.706735269,0.094084914,0.670160179
ADARSH NAGAR,Civil Line,16,AZADPUR,69220,1.811,38222,9.523625,11,0.19921,2,0.03622,85,1.53935,38,59,66,49,49,-0.355740491,0.499595365,-0.799047603,-0.859004613,-0.206117081,0.866414022,0.526563443,1.490007416,-0.381892727,0.523228636
BADLI,Civil Line,17,BHALSWA,63537,1.69,37596,16.43147,20,0.338,4,0.0676,58,0.9802,64,32,32,54,32,-0.367106059,0.46534594,0.149239883,-0.388746613,0.214530023,-0.435521563,-0.440330801,-0.412224942,-0.18356871,-0.309383439
BADLI,Civil Line,18,JAHANGIR PURI,80335,2.729,29438,16.938894,18,0.49122,34,0.92786,46,1.25534,69,28,37,62,32,-0.269512468,0.019009196,0.218897472,-0.493248391,6.524236572,-1.014159601,-0.583574393,-0.132484889,0.133749717,-0.309383439
BADLI,Civil Line,19,SARUP NAGAR,78653,4.915,16003,23.95935,14,0.6881,3,0.14745,82,4.0303,86,21,21,84,41,-0.064180814,-0.716040345,1.182643847,-0.702251947,0.004206471,0.721754513,-0.834250679,-1.027653057,1.006375392,0.131411189
BADLI,Civil Line,20,SAMAYPUR BADLI,67788,4.737,14310,16.0263,22,1.04214,2,0.09474,75,3.55275,71,31,49,69,43,-0.080900409,-0.808666982,0.093619405,-0.284244835,-0.206117081,0.384215657,-0.476141699,0.538891237,0.411403341,0.229365551
RITHALA,Rohini,21,ROHINI-A,66482,2.122,31330,9.367375,33,0.70026,2,0.04244,64,1.35808,18,78,56,46,54,-0.326528166,0.12252343,-0.820497118,0.290514942,-0.206117081,-0.146202544,1.206970505,0.930527311,-0.500887137,0.76811454
RITHALA,Rohini,22,ROHINI-B,60621,1.021,59374,8.343845,40,0.4084,2,0.02042,58,0.59218,23,77,58,41,48,-0.429945435,1.656853861,-0.961004134,0.656271164,-0.206117081,-0.435521563,1.171159607,1.042423332,-0.699211155,0.474251455
RITHALA,Rohini,23,RITHALA,71698,4.047,17716,6.5101175,62,2.50914,3,0.12141,33,1.33551,18,79,59,31,72,-0.145712322,-0.622319477,-1.212732545,1.80579072,0.004206471,-1.641017475,1.242781402,1.098371343,-1.095859189,1.649703796
RITHALA,Rohini,24,VIJAY VIHAR,68107,1.631,41758,13.8572875,23,0.37513,1,0.01631,74,1.20694,51,48,46,57,39,-0.372647947,0.69305537,-0.204135888,-0.231993947,-0.416440632,0.335995821,0.132643566,0.371047206,-0.0645743,0.033456827
RITHALA,Rohini,25,BUDH VIHAR,51524,1.092,47183,23.09985,7,0.07644,0,0,91,0.99372,84,14,24,86,16,-0.423276383,0.989865475,1.064654359,-1.068008169,-0.626764184,1.155733041,-1.084926964,-0.859809026,1.085704999,-1.093018334
BAWANA,Narela,26,POOTH KALAN,70203,4.509,15570,15.616735,27,1.21743,6,0.27054,67,3.02103,59,42,42,61,32,-0.102316519,-0.739730442,0.037395595,-0.022990391,0.635177126,-0.001543035,-0.082221822,0.147255164,0.094084914,-0.309383439
BAWANA,Narela,27,BEGUMPUR,78987,7.044,11213,17.98931,31,2.18364,4,0.28176,63,4.43772,63,34,36,69,31,0.135796813,-0.978108622,0.363095315,0.186013164,0.214530023,-0.194422381,-0.368709005,-0.188432899,0.411403341,-0.35836062
BAWANA,Narela,28,SHAHBAAD DAIRY,54537,2.991,18234,22.715855,21,0.62811,9,0.26919,68,2.03388,82,19,24,86,27,-0.244902727,-0.593978899,1.011940719,-0.336495724,1.266147781,0.046676802,-0.905872475,-0.859809026,1.085704999,-0.554269344
BAWANA,Narela,29,POOTH KHURD,57630,30.906,1865,9.44094,53,16.38018,3,0.92718,42,12.98052,38,31,36,42,42,2.377161834,-1.489552099,-0.810398343,1.33553272,0.004206471,-1.207038947,-0.476141699,-0.188432899,-0.659546351,0.18038837
BAWANA,Narela,30,BAWANA,64013,17.549,3648,6.69706,34,5.96666,7,1.22843,59,10.35391,28,68,64,39,61,1.122534704,-1.392001423,-1.187069659,0.342765831,0.845500678,-0.387301727,0.848861525,1.378111395,-0.778540761,1.110954807
BAWANA,Narela,31,NANGAL THAKRAN,57612,60.973,945,7.0608125,83,50.60759,1,0.60973,13,7.92649,14,8,18,22,21,5.20136442,-1.539886716,-1.137134847,2.903059386,-0.416440632,-2.605414205,-1.299792352,-1.195497089,-1.452842419,-0.848132429
MUNDKA,Narela,32,KANJHAWALA,40467,35.186,1150,5.7593,72,25.33392,1,0.35186,18,6.33348,21,9,22,22,24,2.779183555,-1.52867085,-1.315802437,2.328299608,-0.416440632,-2.364315023,-1.263981454,-0.971705047,-1.452842419,-0.701200886
MUNDKA,Narela,33,RANI KHERA,16394,25.324,647,12.72986,58,14.68792,1,0.25324,28,7.09072,62,18,27,31,22,1.852842852,-1.556190754,-0.35890563,1.596787164,-0.416440632,-1.882116658,-0.941683373,-0.691964994,-1.095859189,-0.799155248
MUNDKA,Narela,34,NANGLOI,71856,13.01,5523,21.62375,12,1.5612,1,0.1301,87,11.3187,84,13,26,84,22,0.696185033,-1.289417285,0.86201994,-0.806753724,-0.416440632,0.962853695,-1.120737862,-0.747913005,1.006375392,-0.799155248
MUNDKA,Narela,35,MUNDKA,50839,21.77,2335,3.639375,33,7.1841,0,0,64,13.9328,31,48,71,42,54,1.519014536,-1.463837675,-1.60681915,0.290514942,-0.626764184,-0.146202544,0.132643566,1.769747469,-0.659546351,0.76811454
MUNDKA,Narela,36,NILOTHI,79992,4.243,18853,21.321,16,0.67888,1,0.04243,70,2.9701,71,12,23,32,21,-0.127301981,-0.560112456,0.820459361,-0.597750169,-0.416440632,0.143116475,-1.15654876,-0.915757036,-1.056194385,-0.848132429
KIRARI,Rohini,37,KIRARI,57703,1.756,32860,23.7805,8,0.14048,1,0.01756,89,1.56284,84,16,22,84,14,-0.360906658,0.206232087,1.158091875,-1.01575728,-0.416440632,1.059293368,-1.013305168,-0.971705047,1.006375392,-1.190972695
KIRARI,Rohini,38,PREM NAGAR,63337,1.095,57842,22.12955,16,0.1752,3,0.03285,78,0.8541,81,19,23,81,18,-0.422994592,1.573035781,0.931454591,-0.597750169,0.004206471,0.528875167,-0.905872475,-0.915757036,0.887380982,-0.995063972
KIRARI,Rohini,39,MUBARIKPUR,81734,3.172,25767,19.23038,26,0.82472,4,0.12688,68,2.15696,71,28,29,72,32,-0.227901342,-0.181836867,0.533465547,-0.07524128,0.214530023,0.046676802,-0.583574393,-0.580068973,0.530397751,-0.309383439
KIRARI,Rohini,40,NITHARI,63982,3.976,16092,13.11084,46,1.82896,7,0.27832,51,2.02776,49,51,42,44,54,-0.152381374,-0.711171018,-0.30660588,0.969776498,0.845500678,-0.773060419,0.24007626,0.147255164,-0.580216744,0.76811454
KIRARI,Rohini,41,AMAN VIHAR,78962,2.113,37370,24.8057125,7,0.14791,0,0,90,1.9017,88,8,21,91,12,-0.327373538,0.452981132,1.298829859,-1.068008169,-0.626764184,1.107513204,-1.299792352,-1.027653057,1.284029016,-1.288927057
SULTANPUR MAJRA,Rohini,42,MANGOL PURI,68404,1.932,35406,10.16,14,0.27048,0,0,84,1.62288,21,79,41,33,64,-0.344374924,0.345527668,-0.711688022,-0.702251947,-0.626764184,0.818194186,1.242781402,0.091307153,-1.016529582,1.257886349
SULTANPUR MAJRA,Rohini,43,SULTANPURI-A,74003,1.314,56319,20.58575,9,0.11826,2,0.02628,89,1.16946,67,34,27,74,24,-0.402423855,1.489710106,0.719526527,-0.963506391,-0.206117081,1.059293368,-0.368709005,-0.691964994,0.609727358,-0.701200886
SULTANPUR MAJRA,Rohini,44,SULTANPURI-B,72975,1.684,43334,23.62845,3,0.05052,1,0.01684,94,1.58296,82,21,22,87,17,-0.367669641,0.779280757,1.137218923,-1.277011724,-0.416440632,1.30039255,-0.834250679,-0.971705047,1.125369802,-1.044041153
NANGLOI JAT,Rohini,45,JAWALAPURI,80685,1.546,52190,14.395645,27,0.41742,17,0.26282,56,0.86576,32,71,42,59,38,-0.380632023,1.263806157,-0.130231844,-0.022990391,2.948736194,-0.531961236,0.956294219,0.147255164,0.014755307,-0.015520354
NANGLOI JAT,Rohini,46,NANGLOI JAT,64870,2.044,31737,24.71895,7,0.14308,0,0,93,1.90092,91,12,19,92,16,-0.33385473,0.144791027,1.286919373,-1.068008169,-0.626764184,1.252172714,-1.15654876,-1.139549078,1.323693819,-1.093018334
NANGLOI JAT,Rohini,47,NIHAL VIHAR,52919,1.393,37989,23.0584625,7,0.09751,0,0,93,1.29549,86,17,23,86,17,-0.39500336,0.486847576,1.058972811,-1.068008169,-0.626764184,1.252172714,-0.97749427,-0.915757036,1.085704999,-1.044041153
NANGLOI JAT,Rohini,48,GURU HARKISHAN NAGAR,62946,3.938,15984,19.25775,12,0.47256,0,0,86,3.38668,59,42,32,76,26,-0.155950725,-0.717079864,0.537222815,-0.806753724,-0.626764184,0.914633858,-0.082221822,-0.412224942,0.689056965,-0.603246525
MANGOL PURI,Rohini,49,MANGOLPURI-A,78867,1.488,53002,14.0826,14,0.20832,2,0.02976,83,1.23504,23,73,28,49,51,-0.386079981,1.308231927,-0.173205688,-0.702251947,-0.206117081,0.769974349,1.027916015,-0.636016984,-0.381892727,0.621182998
MANGOL PURI,Rohini,50,MANGOLPURI-B,81344,1.446,56254,12.3554,22,0.31812,0,0,76,1.09896,19,78,37,47,54,-0.390025054,1.486153855,-0.410310335,-0.284244835,-0.626764184,0.432435494,1.206970505,-0.132484889,-0.461222334,0.76811454
MANGOL PURI,Rohini,51,ROHINI-C,71696,2.358,30405,5.8821,38,0.89604,1,0.02358,59,1.39122,9,88,61,32,68,-0.304360613,0.071915256,-1.298944835,0.551769387,-0.416440632,-0.387301727,1.565079484,1.210267364,-1.056194385,1.453795073
ROHINI,Rohini,52,ROHINI-F,81298,2.101,38695,6.6186875,33,0.69333,0,0,63,1.32363,11,92,58,34,63,-0.328500702,0.525473923,-1.197828392,0.290514942,-0.626764184,-0.194422381,1.708323076,1.042423332,-0.976864778,1.208909168
ROHINI,Rohini,53,ROHINI-E,66795,2.698,24757,8.29765,28,0.75544,0,0,72,1.94256,16,84,54,42,62,-0.272424308,-0.237095523,-0.96734564,0.029260498,-0.626764184,0.239556148,1.421835892,0.81863129,-0.659546351,1.159931988
ROHINI,Rohini,54,ROHINI-D,80948,4.822,16787,6.84013,24,1.15728,4,0.19288,71,3.42362,16,81,57,37,59,-0.072916333,-0.673146497,-1.167429454,-0.179743058,0.214530023,0.191336311,1.314403198,0.986475322,-0.857870368,1.013000445
SHALIMAR BAGH,Keshavpuram,55,SHALIMAR BAGH-A,61220,3.342,18318,5.999325,29,0.96918,2,0.06684,68,2.27256,12,92,59,29,52,-0.211933189,-0.589383129,-1.282852551,0.081511387,-0.206117081,0.046676802,1.708323076,1.098371343,-1.175188795,0.670160179
SHALIMAR BAGH,Keshavpuram,56,SHALIMAR BAGH-B,72416,3.036,23852,7.48435,23,0.69828,2,0.06072,74,2.24664,13,83,53,34,48,-0.240675864,-0.286609467,-1.078992936,-0.231993947,-0.206117081,0.335995821,1.386024994,0.76268328,-0.976864778,0.474251455
SHALIMAR BAGH,Keshavpuram,57,PITAM PURA,80594,3.948,20414,4.00325,34,1.34232,0,0,63,2.48724,6,96,67,26,59,-0.155011422,-0.474707741,-1.556867522,0.342765831,-0.626764184,-0.194422381,1.851566668,1.545955427,-1.294183206,1.013000445
SHAKUR BASTI,Keshavpuram,58,SARASWATI VIHAR,63630,4.139,15373,5.5861,21,0.86919,2,0.08278,76,3.14564,11,89,58,28,53,-0.137070733,-0.750508615,-1.339578794,-0.336495724,-0.206117081,0.432435494,1.600890382,1.042423332,-1.214853599,0.719137359
SHAKUR BASTI,Keshavpuram,59,PASCHIM VIHAR,67423,3.156,21363,7.47385,26,0.82056,1,0.03156,71,2.24076,17,86,54,37,54,-0.229404227,-0.42278649,-1.080434343,-0.07524128,-0.416440632,0.191336311,1.493457688,0.81863129,-0.857870368,0.76811454
SHAKUR BASTI,Keshavpuram,60,RANI BAGH,66602,5.034,13230,11.2466,22,1.10748,0,0,78,3.92652,41,51,47,49,63,-0.053003107,-0.867755445,-0.562522952,-0.284244835,-0.626764184,0.528875167,0.24007626,0.426995216,-0.381892727,1.208909168
TRI NAGAR,Keshavpuram,61,KOHAT ENCLAVE,66252,2.674,24776,4.04945,29,0.77546,2,0.05348,69,1.84506,3,93,67,27,58,-0.274678635,-0.236056004,-1.550525329,0.081511387,-0.206117081,0.094896638,1.744133974,1.545955427,-1.254518402,0.964023264
TRI NAGAR,Keshavpuram,62,SHAKUR PUR,71833,2.521,28494,22.184875,11,0.27731,0,0,88,2.21848,82,17,22,79,39,-0.289049972,-0.032638498,0.939049435,-0.859004613,-0.626764184,1.011073531,-0.97749427,-0.971705047,0.808051375,0.033456827
TRI NAGAR,Keshavpuram,63,TRI NAGAR,69013,1.429,48295,22.06423,7,0.10003,2,0.02858,91,1.30039,63,34,23,87,14,-0.391621869,1.050704708,0.922487665,-1.068008169,-0.206117081,1.155733041,-0.368709005,-0.915757036,1.125369802,-1.190972695
WAZIRPUR,Keshavpuram,64,KESHAV PURAM,65433,2.807,23311,6.2964925,26,0.72982,0,0,64,1.79648,14,82,54,29,48,-0.262185904,-0.31620841,-1.24205832,-0.07524128,-0.626764184,-0.146202544,1.350214096,0.81863129,-1.175188795,0.474251455
WAZIRPUR,Keshavpuram,65,ASHOK VIHAR,55773,1.939,28764,2.17244,38,0.73682,4,0.07756,48,0.93072,8,89,77,19,59,-0.343717412,-0.017866382,-1.808195427,0.551769387,0.214530023,-0.917719928,1.600890382,2.105435532,-1.57183683,1.013000445
WAZIRPUR,Keshavpuram,66,WAZIR PUR,87397,2.798,31236,9.921235,8,0.22384,0,0,86,2.40628,46,48,63,56,39,-0.263031277,0.117380545,-0.744464939,-1.01575728,-0.626764184,0.914633858,0.132643566,1.322163385,-0.104239103,0.033456827
MODEL TOWN,Keshavpuram,67,SANGAM PARK,54854,1.117,49108,17.410275,18,0.20106,2,0.02234,76,0.84892,62,41,36,63,28,-0.420928126,1.09518519,0.28360719,-0.493248391,-0.206117081,0.432435494,-0.11803272,-0.188432899,0.173414521,-0.505292163
MODEL TOWN,Keshavpuram,68,MODEL TOWN,65907,3.553,18550,4.154069,44,1.56332,13,0.46189,41,1.45673,9,94,69,24,63,-0.192113894,-0.576690052,-1.536163558,0.86527472,2.107441987,-1.255258783,1.779944872,1.657851448,-1.373512813,1.208909168
MODEL TOWN,Keshavpuram,69,KAMLA NAGAR,61009,3.088,19757,8.08016,36,1.11168,1,0.03088,62,1.91456,29,59,61,44,53,-0.235791488,-0.510653223,-0.997201991,0.447267609,-0.416440632,-0.242642217,0.526563443,1.210267364,-0.580216744,0.719137359
SADAR BAZAR,City S.P.Zone,70,SHASTRI NAGAR,78483,3.432,22868,20.660765,6,0.20592,0,0,93,3.19176,51,47,29,86,12,-0.203479461,-0.340445622,0.729824352,-1.120259058,-0.626764184,1.252172714,0.096832668,-0.580068973,1.085704999,-1.288927057
SADAR BAZAR,City S.P.Zone,71,KISHAN GANJ,74022,2.945,25135,17.7128625,14,0.4123,1,0.02945,76,2.2382,64,32,37,72,37,-0.249223522,-0.216414561,0.325145462,-0.702251947,-0.416440632,0.432435494,-0.440330801,-0.132484889,0.530397751,-0.064497535
SADAR BAZAR,City S.P.Zone,72,SADAR BAZAR,66050,1.284,51441,26.07345,3,0.03852,0,0,97,1.24548,88,13,16,92,31,-0.405241764,1.222827213,1.472860922,-1.277011724,-0.626764184,1.44505206,-1.120737862,-1.30739311,1.323693819,-0.35836062
CHANDNI CHOWK,City S.P.Zone,73,CIVIL LINES,55142,3.232,17061,17.324212,32,1.03424,23,0.74336,43,1.38976,34,60,68,45,52,-0.222265523,-0.658155535,0.271792729,0.238264053,4.210677504,-1.15881911,0.562374341,1.601903437,-0.540551941,0.670160179
CHANDNI CHOWK,City S.P.Zone,74,CHANDNI CHOWK,51672,5.336,9684,21.072328,4,0.21344,1,0.05336,87,4.64232,72,13,18,83,34,-0.024636154,-1.061762567,0.786322442,-1.224760835,-0.416440632,0.962853695,-1.120737862,-1.195497089,0.966710589,-0.211429078
CHANDNI CHOWK,City S.P.Zone,75,JAMA MASJID,46051,1.152,39975,18.43132,8,0.09216,8,0.09216,84,0.96768,88,20,23,78,43,-0.417640565,0.595504694,0.423773074,-1.01575728,1.055824229,0.818194186,-0.870061577,-0.915757036,0.768386572,0.229365551
MATIA MAHAL,City S.P.Zone,76,CHANDANI MAHAL,58169,1.134,51295,19.5213,9,0.10206,2,0.02268,72,0.81648,67,20,27,56,26,-0.41933131,1.214839328,0.57340214,-0.963506391,-0.206117081,0.239556148,-0.870061577,-0.691964994,-0.104239103,-0.603246525
MATIA MAHAL,City S.P.Zone,77,DELHI GATE,55397,2.141,25874,21.32112,43,0.92063,8,0.17128,42,0.89922,23,79,67,43,72,-0.32474349,-0.175982733,0.820475834,0.813023831,1.055824229,-1.207038947,1.242781402,1.545955427,-0.619881548,1.649703796
MATIA MAHAL,City S.P.Zone,78,BAZAR SITA RAM,57774,1.167,49506,19.3242432,6,0.07002,2,0.02334,79,0.92193,78,23,23,87,54,-0.41623161,1.116960383,0.546350795,-1.120259058,-0.206117081,0.577095003,-0.762628883,-0.915757036,1.125369802,0.76811454
BALLIMARAN,City S.P.Zone,79,BALLIMARAN,62034,1.033,60052,22.1234575,3,0.03099,0,0,86,0.88838,81,21,23,79,42,-0.428818272,1.693948285,0.930618232,-1.277011724,-0.626764184,0.914633858,-0.834250679,-0.915757036,0.808051375,0.18038837
BALLIMARAN,City S.P.Zone,80,RAM NAGAR,69121,1.218,56750,21.148,11,0.13398,1,0.01218,88,1.07184,73,24,24,77,24,-0.411441164,1.513290779,0.796710459,-0.859004613,-0.416440632,1.011073531,-0.726817985,-0.859809026,0.728721768,-0.701200886
BALLIMARAN,City S.P.Zone,81,QURAISH NAGAR,60053,2.231,26918,24.7435,3,0.06693,1,0.02231,88,1.96328,86,13,27,93,4,-0.316289762,-0.118863885,1.290289521,-1.277011724,-0.416440632,1.011073531,-1.120737862,-0.691964994,1.363358623,-1.680744504
KAROL BAGH,Karolbagh,82,PAHAR GANJ,67390,1.927,34971,17.547665,14,0.26978,1,0.01927,81,1.56087,63,33,43,73,33,-0.344844576,0.321728148,0.302467663,-0.702251947,-0.416440632,0.673534676,-0.404519903,0.203203174,0.570062555,-0.260406258
KAROL BAGH,Karolbagh,83,KAROL BAGH,66938,2.608,25666,7.29136,24,0.62592,1,0.02608,68,1.77344,23,73,59,33,63,-0.280878036,-0.187362733,-1.105486003,-0.179743058,-0.416440632,0.046676802,1.027916015,1.098371343,-1.016529582,1.208909168
KAROL BAGH,Karolbagh,84,DEV NAGAR,64451,0.959,67206,11.9352675,32,0.30688,2,0.01918,64,0.61376,39,62,48,51,51,-0.435769114,2.085354643,-0.467984818,0.238264053,-0.206117081,-0.146202544,0.633996137,0.482943227,-0.30256312,0.621182998
PATEL NAGAR,Karolbagh,85,WEST PATEL NAGAR,69686,1.243,56063,14.71271,43,0.53449,0,0,51,0.63393,52,52,44,58,32,-0.409092907,1.475703951,-0.086706146,0.813023831,-0.626764184,-0.773060419,0.275887158,0.259151185,-0.024909497,-0.309383439
PATEL NAGAR,Karolbagh,86,EAST PATEL NAGAR,44420,1.797,24719,2.901165,34,0.61098,0,0,61,1.09617,11,92,72,22,58,-0.357055516,-0.239174561,-1.708158324,0.342765831,-0.626764184,-0.290862054,1.708323076,1.82569548,-1.452842419,0.964023264
PATEL NAGAR,Karolbagh,87,RANJEET NAGAR,54256,0.972,55819,19.38579,9,0.08748,0,0,87,0.84564,71,31,42,81,32,-0.43454802,1.462354335,0.554799748,-0.963506391,-0.626764184,0.962853695,-0.476141699,0.147255164,0.887380982,-0.309383439
PATEL NAGAR,Karolbagh,88,BALJEET NAGAR,54213,1.195,45367,23.416525,16,0.1912,1,0.01195,79,0.94405,92,9,31,92,9,-0.413601562,0.890509318,1.108126518,-0.597750169,-0.416440632,0.577095003,-1.263981454,-0.468172952,1.323693819,-1.4358586
MOTI NAGAR,Karolbagh,89,KARAM PURA,72228,3.586,20142,3.097595,39,1.39854,0,0,54,1.93644,13,83,76,23,77,-0.189014194,-0.48958928,-1.681193024,0.604020275,-0.626764184,-0.628400909,1.386024994,2.049487522,-1.413177616,1.894589701
MOTI NAGAR,Karolbagh,90,MOTI NAGAR,59046,2.237,26395,15.9983375,16,0.35792,2,0.04474,80,1.7896,44,51,38,71,28,-0.31572618,-0.14747802,0.0897808,-0.597750169,-0.206117081,0.62531484,0.24007626,-0.076536878,0.490732948,-0.505292163
MOTI NAGAR,Karolbagh,91,RAMESH NAGAR,72577,2.362,30727,12.484275,13,0.30706,0,0,87,2.05494,23,74,51,62,27,-0.303984892,0.089532372,-0.392618775,-0.754502835,-0.626764184,0.962853695,1.063726913,0.650787258,0.133749717,-0.554269344
MADIPUR,West Zone,92,PUNJABI BAGH,69946,3.68,19007,3.5384,37,1.3616,12,0.4416,51,1.8768,11,92,76,28,43,-0.180184745,-0.551686878,-1.620680684,0.499518498,1.897118436,-0.773060419,1.708323076,2.049487522,-1.214853599,0.229365551
MADIPUR,West Zone,93,MADIPUR,71727,1.489,48171,15.6011,18,0.26802,0,0,78,1.16142,41,61,42,67,18,-0.385986051,1.043920477,0.035249271,-0.493248391,-0.626764184,0.528875167,0.598185239,0.147255164,0.332073734,-0.995063972
MADIPUR,West Zone,94,RAGHUBIR NAGAR,78369,1.831,42801,16.6169,21,0.38451,0,0,78,1.42818,32,68,36,72,21,-0.353861885,0.750119507,0.174695137,-0.336495724,-0.626764184,0.528875167,0.848861525,-0.188432899,0.530397751,-0.848132429
RAJOURI GARDEN,West Zone,95,VISHNU GARDEN,73302,0.9213,79564,15.323123,23,0.211899,2,0.018426,69,0.635697,56,48,56,67,37,-0.439310287,2.761479855,-0.002910548,-0.231993947,-0.206117081,0.094896638,0.132643566,0.930527311,0.332073734,-0.064497535
RAJOURI GARDEN,West Zone,96,RAJOURI GARDEN,65596,2.315,28335,14.32131,28,0.6482,3,0.06945,58,1.3427,37,68,57,36,68,-0.308399616,-0.041337632,-0.140436322,0.029260498,0.004206471,-0.435521563,0.848861525,0.986475322,-0.897535172,1.453795073
RAJOURI GARDEN,West Zone,97,CHAUKHANDI NAGAR,67284,1.321,50934,18.54324,12,0.15852,2,0.02642,79,1.04359,76,35,23,69,47,-0.401766343,1.195088462,0.439137103,-0.806753724,-0.206117081,0.577095003,-0.332898107,-0.915757036,0.411403341,0.425274274
HARI NAGAR,West Zone,98,SUBHASH NAGAR,59595,2.503,23809,10.7809875,22,0.55066,0,0,77,1.92731,18,79,51,49,28,-0.290740718,-0.288962063,-0.626440788,-0.284244835,-0.626764184,0.48065533,1.242781402,0.650787258,-0.381892727,-0.505292163
HARI NAGAR,West Zone,99,HARI NAGAR,74020,3.017,24534,8.34915,42,1.26714,0,0,58,1.74986,29,71,61,39,41,-0.242460539,-0.249296196,-0.96027588,0.760772942,-0.626764184,-0.435521563,0.956294219,1.210267364,-0.778540761,0.131411189
HARI NAGAR,West Zone,100,FATEH NAGAR,57335,3.145,18231,15.6461875,17,0.53465,0,0,83,2.61035,31,69,39,69,49,-0.23043746,-0.594143033,0.041438743,-0.54549928,-0.626764184,0.769974349,0.884672423,-0.020588868,0.411403341,0.523228636
TILAK NAGAR,West Zone,101,TILAK NAGAR,52859,2.139,24712,17.8076375,3,0.06417,1,0.02139,93,1.98927,38,61,46,87,58,-0.32493135,-0.239557542,0.338155879,-1.277011724,-0.416440632,1.252172714,0.598185239,0.371047206,1.125369802,0.964023264
TILAK NAGAR,West Zone,102,KHYALA,72421,2.463,29404,21.8214325,31,0.76353,7,0.17241,60,1.4778,69,42,31,78,41,-0.29449793,0.017149004,0.889157179,0.186013164,0.845500678,-0.33908189,-0.082221822,-0.468172952,0.768386572,0.131411189
TILAK NAGAR,West Zone,103,KESHOPUR,72766,2.362,30807,17.424,51,1.20462,22,0.51964,27,0.63774,4,92,82,12,32,-0.303984892,0.093909295,0.285491316,1.231030942,4.000353952,-1.930336494,1.708323076,2.385175585,-1.849490453,-0.309383439
JANAKPURI,West Zone,104,JANAK PURI SOUTH,80061,3.264,24528,7.296,33,1.07712,0,0,66,2.15424,12,89,62,42,62,-0.219259753,-0.249624466,-1.104849038,0.290514942,-0.626764184,-0.049762871,1.600890382,1.266215374,-0.659546351,1.159931988
JANAKPURI,West Zone,105,MAHAVEER ENCLAVE,70924,1.825,38862,23.0678125,6,0.1095,2,0.0365,92,1.679,84,14,32,91,22,-0.354425467,0.53461075,1.06025635,-1.120259058,-0.206117081,1.203952877,-1.084926964,-0.412224942,1.284029016,-0.799155248
JANAKPURI,West Zone,106,JANAK PURI WEST,69625,2.802,24848,5.78985,31,0.86862,1,0.02802,68,1.90536,11,92,66,34,73,-0.262655556,-0.232116773,-1.311608628,0.186013164,-0.416440632,0.046676802,1.708323076,1.490007416,-0.976864778,1.698680977
VIKASPURI,West Zone,107,VIKAS PURI,74846,2.719,27527,9.0120875,24,0.65256,2,0.05438,74,2.01206,17,84,57,46,68,-0.270451771,-0.085544557,-0.869269881,-0.179743058,-0.206117081,0.335995821,1.421835892,0.986475322,-0.500887137,1.453795073
VIKASPURI,West Zone,108,HASTSAL,68864,1.848,37264,21.31982,19,0.35112,7,0.12936,74,1.36752,78,21,36,87,28,-0.35226507,0.447181709,0.820297374,-0.440997502,0.845500678,0.335995821,-0.834250679,-0.188432899,1.125369802,-0.505292163
VIKASPURI,West Zone,109,VIKAS NAGAR,51864,2.375,21837,23.4771375,7,0.16625,11,0.26125,81,1.92375,87,21,31,92,11,-0.302763797,-0.39685322,1.116447214,-1.068008169,1.686794884,0.673534676,-0.834250679,-0.468172952,1.323693819,-1.337904238
VIKASPURI,West Zone,110,KUNWAR SINGH NAGAR,55270,14.255,3877,16.215975,36,5.1318,2,0.2851,59,8.41045,66,37,36,59,27,0.813128267,-1.37947248,0.119657399,0.447267609,-0.206117081,-0.387301727,-0.261276311,-0.188432899,0.014755307,-0.554269344
VIKASPURI,West Zone,111,BAPROLA,54328,3.916,13873,20.830988,13,0.50908,0,0,81,3.17196,82,27,37,78,16,-0.158017192,-0.832575925,0.753192037,-0.754502835,-0.626764184,0.673534676,-0.619385291,-0.132484889,0.768386572,-1.093018334
VIKASPURI,West Zone,112,SAINIK ENCLAVE,88571,2.926,30270,20.618157,6,0.17556,9,0.26334,84,2.45784,73,32,42,87,12,-0.251008198,0.064529198,0.723975259,-1.120259058,1.266147781,0.818194186,-0.440330801,0.147255164,1.125369802,-1.288927057
UTTAM NAGAR,West Zone,113,MOHAN GARDEN,60029,1.876,31998,23.802368,6,0.11256,7,0.13132,87,1.63212,84,18,32,91,12,-0.349635021,0.159070739,1.161093846,-1.120259058,0.845500678,0.962853695,-0.941683373,-0.412224942,1.284029016,-1.288927057
UTTAM NAGAR,West Zone,114,NAWADA,86959,2.238,38856,22.165774,9,0.20142,0,0,88,1.96944,82,26,33,87,16,-0.31563225,0.534282481,0.936427309,-0.963506391,-0.626764184,1.011073531,-0.655196189,-0.356276931,1.125369802,-1.093018334
UTTAM NAGAR,West Zone,115,UTTAM NAGAR,68309,1.489,45876,25.288562,4,0.05956,0,0,95,1.41455,88,17,23,97,12,-0.385986051,0.918357492,1.365113938,-1.224760835,-0.626764184,1.348612387,-0.97749427,-0.915757036,1.522017836,-1.288927057
UTTAM NAGAR,West Zone,116,BINDA PUR,58750,1.132,51899,17.869254,14,0.15848,0,0,84,0.95088,59,43,38,72,27,-0.419519171,1.247885098,0.346614401,-0.702251947,-0.626764184,0.818194186,-0.046410924,-0.076536878,0.530397751,-0.554269344
DWARKA,Najafgarh Zone,117,DABRI,66907,1.543,43362,20.794781,4,0.06172,0,0,93,1.43499,77,32,36,78,19,-0.380913814,0.780812681,0.748221652,-1.224760835,-0.626764184,1.252172714,-0.440330801,-0.188432899,0.768386572,-0.946086791
DWARKA,Najafgarh Zone,118,SAGARPUR,78790,1.096,71889,25.613,8,0.08768,0,0,88,0.96448,91,8,21,94,19,-0.422900662,2.341568785,1.409651778,-1.01575728,-0.626764184,1.011073531,-1.299792352,-1.027653057,1.403023426,-0.946086791
DWARKA,Najafgarh Zone,119,MANGLAPURI,68160,1.605,42467,18.6175875,27,0.43335,12,0.1926,60,0.963,68,31,37,69,51,-0.375090135,0.731845852,0.449343297,-0.022990391,1.897118436,-0.33908189,-0.476141699,-0.132484889,0.411403341,0.621182998
MATIALA,Najafgarh Zone,120,DWARKA-B,62971,10.587,5948,1.2471175,41,4.34067,4,0.42348,54,5.71698,13,86,82,19,78,0.468591896,-1.26616488,-1.935220823,0.708522053,0.214530023,-0.628400909,1.493457688,2.385175585,-1.57183683,1.943566882
MATIALA,Najafgarh Zone,121,DWARKA-A,73208,8.917,8210,18.532,33,2.94261,8,0.71336,54,4.81518,12,92,86,17,84,0.311728281,-1.142407377,0.437594111,0.290514942,1.055824229,-0.628400909,1.708323076,2.608967627,-1.651166436,2.237429967
MATIALA,Najafgarh Zone,122,MATIALA,54631,2.168,25199,21.0332,21,0.45528,1,0.02168,78,1.69104,77,24,31,81,32,-0.322207371,-0.212913022,0.780951071,-0.336495724,-0.416440632,0.528875167,-0.726817985,-0.468172952,0.887380982,-0.309383439
MATIALA,Najafgarh Zone,123,KAKROLA,65930,4.384,15039,22.52872,14,0.61376,9,0.39456,73,3.20032,81,18,24,84,46,-0.114057808,-0.768782269,0.986251408,-0.702251947,1.266147781,0.287775984,-0.941683373,-0.859809026,1.006375392,0.376297093
MATIALA,Najafgarh Zone,124,NANGLI SAKRAWATI,83159,9.524,8732,18.30951,28,2.66672,6,0.57144,63,6.00012,69,23,31,68,61,0.368743978,-1.113847953,0.407051376,0.029260498,0.635177126,-0.194422381,-0.762628883,-0.468172952,0.371738538,1.110954807
MATIALA,Najafgarh Zone,125,CHHAWALA,81500,91.722,889,9.229305,62,56.86764,4,3.66888,33,30.26826,38,29,28,31,39,8.089627476,-1.542950562,-0.839450938,1.80579072,0.214530023,-1.641017475,-0.547763495,-0.636016984,-1.095859189,0.033456827
NAJAFGARH,Najafgarh Zone,126,ISAPUR,76423,74.608,1024,7.7304,82,61.17856,2,1.49216,16,11.93728,21,12,18,22,22,6.482104176,-1.535564504,-1.045215957,2.850808497,-0.206117081,-2.460754696,-1.15654876,-1.195497089,-1.452842419,-0.799155248
NAJAFGARH,Najafgarh Zone,127,NAJAFGARH,68559,16.962,4042,7.75443,64,10.85568,3,0.50886,31,5.25822,24,43,34,31,59,1.067397613,-1.370445076,-1.041917193,1.910292497,0.004206471,-1.737457148,-0.046410924,-0.300328921,-1.095859189,1.013000445
NAJAFGARH,Najafgarh Zone,128,DICHAON KALAN,71665,16.075,4458,7.8528125,76,12.217,2,0.3215,20,3.215,41,18,24,18,29,0.984081429,-1.347685075,-1.028411549,2.537303164,-0.206117081,-2.26787535,-0.941683373,-0.859809026,-1.611501633,-0.456314982
NAJAFGARH,Najafgarh Zone,129,ROSHAN PURA,69828,4.251,16426,18.053645,17,0.72267,1,0.04251,79,3.35829,72,36,43,74,53,-0.126550539,-0.692897363,0.371927024,-0.54549928,-0.416440632,0.577095003,-0.297087209,0.203203174,0.609727358,0.719137359
BIJWASAN,Najafgarh Zone,130,DWARKA-C,45075,17.159,2627,7.928975,58,9.95222,0,0,9,1.54431,6,92,21,3,97,1.085901883,-1.447861905,-1.017956198,1.596787164,-0.626764184,-2.798293551,1.708323076,-1.027653057,-2.206473684,2.874133319
BIJWASAN,Najafgarh Zone,131,BIJWASAN,47291,12.092,3911,14.13724,46,5.56232,1,0.12092,51,6.16692,54,41,32,47,49,0.60995701,-1.377612288,-0.165704879,0.969776498,-0.416440632,-0.773060419,-0.11803272,-0.412224942,-0.461222334,0.523228636
BIJWASAN,Najafgarh Zone,132,KAPASHERA,74073,2.924,25333,16.3538,41,1.19884,2,0.05848,56,1.63744,59,31,37,66,36,-0.251196058,-0.205581676,0.138577587,0.708522053,-0.206117081,-0.531961236,-0.476141699,-0.132484889,0.292408931,-0.113474716
BIJWASAN,Najafgarh Zone,133,MAHIPALPUR,65162,18.426,3536,4.21018,18,3.31668,1,0.18426,61,11.23986,33,71,86,41,92,1.204911584,-1.398129115,-1.528460814,-0.493248391,-0.416440632,-0.290862054,0.956294219,2.608967627,-0.699211155,2.629247414
BIJWASAN,Najafgarh Zone,134,RAJ NAGAR,66635,1.375,48462,14.0884375,12,0.165,0,0,83,1.14125,42,61,42,54,46,-0.396694106,1.059841535,-0.172404335,-0.806753724,-0.626764184,0.769974349,0.598185239,0.147255164,-0.18356871,0.376297093
PALAM,Najafgarh Zone,135,PALAM,54900,2.084,26344,24.71345,6,0.12504,1,0.02084,93,1.93812,88,8,22,92,19,-0.330097517,-0.150268309,1.28616435,-1.120259058,-0.416440632,1.252172714,-1.299792352,-0.971705047,1.323693819,-0.946086791
PALAM,Najafgarh Zone,136,MADHU VIHAR,67394,1.486,45353,26.295675,6,0.08916,1,0.01486,93,1.38198,91,12,13,93,7,-0.386267842,0.889743357,1.503367279,-1.120259058,-0.416440632,1.252172714,-1.15654876,-1.475237142,1.363358623,-1.533812962
PALAM,Najafgarh Zone,137,MAHAVIR ENCLAVE,67473,1.495,45132,24.5444375,4,0.0598,0,0,94,1.4053,83,16,22,91,9,-0.385422469,0.877652107,1.26296284,-1.224760835,-0.626764184,1.30039255,-1.013305168,-0.971705047,1.284029016,-1.4358586
PALAM,Najafgarh Zone,138,SADH NAGAR,56487,1.097,51492,26.3491625,3,0.03291,2,0.02194,93,1.02021,88,11,17,94,7,-0.422806732,1.225617502,1.510709877,-1.277011724,-0.206117081,1.252172714,-1.192359658,-1.251445099,1.403023426,-1.533812962
RAJINDER NAGAR,Karolbagh,139,NARAINA,80240,2.645,30336,9.4855,22,0.5819,1,0.02645,77,2.03665,39,61,66,52,71,-0.277402614,0.068140159,-0.804281285,-0.284244835,-0.416440632,0.48065533,0.598185239,1.490007416,-0.262898317,1.600726616
RAJINDER NAGAR,Karolbagh,140,INDER PURI,59603,6.241,9550,7.8280125,64,3.99424,2,0.12482,33,2.05953,17,83,39,21,41,0.060370775,-1.069093913,-1.031816016,1.910292497,-0.206117081,-1.641017475,1.386024994,-0.020588868,-1.492507223,0.131411189
RAJINDER NAGAR,Karolbagh,141,RAJINDER NAGAR,62224,7.822,7955,3.488875,87,6.80514,0,0,13,1.01686,8,88,59,8,58,0.208874593,-1.156358819,-1.627479322,3.112062942,-0.626764184,-2.605414205,1.565079484,1.098371343,-2.008149667,0.964023264
JANGPURA,Central Zone,142,DARYAGANJ,44956,12.768,3521,3.61696,43,5.49024,16,2.04288,38,4.85184,28,68,79,31,89,0.673453899,-1.398949788,-1.609896212,0.813023831,2.738412642,-1.399918293,0.848861525,2.217331553,-1.095859189,2.482315872
JANGPURA,Central Zone,143,SIDHARTHA NAGAR,52058,4.074,12778,4.91852,51,2.07774,12,0.48888,36,1.46664,18,82,62,18,92,-0.143176203,-0.892485062,-1.431222101,1.231030942,1.897118436,-1.496357966,1.350214096,1.266215374,-1.611501633,2.629247414
JANGPURA,Central Zone,144,LAJPAT NAGAR,53035,2.257,23498,8.830725,29,0.65453,2,0.04514,68,1.53476,27,76,53,41,79,-0.313847574,-0.305977352,-0.894166761,0.081511387,-0.206117081,0.046676802,1.135348709,0.76268328,-0.699211155,1.992544063
KASTURBA NAGAR,Central Zone,145,ANDREWS GANJ,66237,5.026,13179,8.248375,34,1.70884,1,0.05026,64,3.21664,22,59,46,38,33,-0.05375455,-0.870545734,-0.974109959,0.342765831,-0.416440632,-0.146202544,0.526563443,0.371047206,-0.818205565,-0.260406258
KASTURBA NAGAR,Central Zone,146,AMAR COLONY,56045,2.055,27273,18.0445,21,0.43155,2,0.0411,77,1.58235,52,41,28,74,27,-0.332821496,-0.099441288,0.370671627,-0.336495724,-0.206117081,0.48065533,-0.11803272,-0.636016984,0.609727358,-0.554269344
KASTURBA NAGAR,Central Zone,147,KOTLA MUBARAKPUR,49669,1.853,26805,24.518375,11,0.20383,0,0,89,1.64917,87,17,21,92,12,-0.351795419,-0.125046289,1.259385061,-0.859004613,-0.626764184,1.059293368,-0.97749427,-1.027653057,1.323693819,-1.288927057
MALVIYA NAGAR,South Zone,148,HAUZ KHAS,45509,5.725,7949,8.549625,46,2.6335,4,0.229,48,2.748,27,63,51,39,37,0.011902736,-1.156687089,-0.932755295,0.969776498,0.214530023,-0.917719928,0.669807035,0.650787258,-0.778540761,-0.064497535
MALVIYA NAGAR,South Zone,149,MALVIYA NAGAR,62475,2.766,22587,12.29255,31,0.85746,1,0.02766,66,1.82556,34,67,44,49,33,-0.266037047,-0.355819565,-0.418938187,0.186013164,-0.416440632,-0.049762871,0.813050627,0.259151185,-0.381892727,-0.260406258
MALVIYA NAGAR,South Zone,150,GREEN PARK,49705,3.964,12539,6.10135,46,1.82344,0,0,54,2.14056,12,86,54,31,46,-0.153508537,-0.90556112,-1.268846876,0.969776498,-0.626764184,-0.628400909,1.493457688,0.81863129,-1.095859189,0.376297093
R K PURAM,South Zone,151,MUNIRKA,64543,2.789,23142,15.5059625,23,0.64147,0,0,74,2.06386,53,44,44,66,33,-0.26387665,-0.32545466,0.022189091,-0.231993947,-0.626764184,0.335995821,-0.010600026,0.259151185,0.292408931,-0.260406258
R K PURAM,South Zone,152,R.K. PURAM,54347,2.265,23994,5.38675,38,0.8607,1,0.02265,61,1.38165,12,87,61,29,52,-0.313096131,-0.278840428,-1.366944943,0.551769387,-0.416440632,-0.290862054,1.529268586,1.210267364,-1.175188795,0.670160179
R K PURAM,South Zone,153,VASANT VIHAR,55960,7.591,7372,3.87045,41,3.11231,0,0,58,4.40278,14,82,68,28,54,0.187176692,-1.188255647,-1.575097893,0.708522053,-0.626764184,-0.435521563,1.350214096,1.601903437,-1.214853599,0.76811454
MEHRAULI,South Zone,154,LADO SARAI,68172,3.878,17579,9.604575,43,1.66754,0,0,53,2.05534,36,58,52,39,62,-0.161586544,-0.629814958,-0.787935039,0.813023831,-0.626764184,-0.676620746,0.490752546,0.706735269,-0.778540761,1.159931988
MEHRAULI,South Zone,155,MEHRAULI,74939,5.669,13219,17.71655,38,2.15422,0,0,62,3.51478,61,32,29,72,28,0.006642639,-0.868357272,0.32565167,0.551769387,-0.626764184,-0.242642217,-0.440330801,-0.580068973,0.530397751,-0.505292163
MEHRAULI,South Zone,156,VASANT KUNJ,57080,22.612,2524,2.21735,57,12.88884,0,0,43,9.72316,12,83,71,18,62,1.598103856,-1.453497194,-1.802030321,1.544536275,-0.626764184,-1.15881911,1.386024994,1.769747469,-1.611501633,1.159931988
CHHATARPUR,South Zone,157,AYA NAGAR,51783,15.482,3345,19.282375,36,5.57352,0,0,63,9.75366,72,32,34,82,19,0.928380756,-1.408579019,0.540603258,0.447267609,-0.626764184,-0.194422381,-0.440330801,-0.300328921,0.927045785,-0.946086791
CHHATARPUR,South Zone,158,BHATI,71373,55.88,1277,8.6985,64,35.7632,0,0,34,18.9992,42,18,29,31,22,4.722977359,-1.521722484,-0.912318198,1.910292497,-0.626764184,-1.592797639,-0.941683373,-0.580068973,-1.095859189,-0.799155248
CHHATARPUR,South Zone,159,CHHATARPUR,58988,10.944,5390,12.0896,47,5.14368,2,0.21888,51,5.58144,52,52,51,48,39,0.502125016,-1.29669392,-0.446798533,1.022027386,-0.206117081,-0.773060419,0.275887158,0.650787258,-0.421557531,0.033456827
CHHATARPUR,South Zone,160,SAID-UL-AJAIB,70967,25.798,2751,16.242675,26,6.70748,0,0,74,19.09052,67,36,36,72,41,1.897365819,-1.441077674,0.123322692,-0.07524128,-0.626764184,0.335995821,-0.297087209,-0.188432899,0.530397751,0.131411189
DEOLI,South Zone,161,DEOLI,69916,5.069,13793,20.9331875,36,1.82484,0,0,64,3.24416,77,26,24,74,18,-0.049715546,-0.836952848,0.767221666,0.447267609,-0.626764184,-0.146202544,-0.655196189,-0.859809026,0.609727358,-0.995063972
DEOLI,South Zone,162,TIGRI,70576,1.021,69124,22.3596125,4,0.04084,0,0,96,0.98016,49,44,19,89,32,-0.429945435,2.190291376,0.963036856,-1.224760835,-0.626764184,1.396832223,-0.010600026,-1.139549078,1.204699409,-0.309383439
DEOLI,South Zone,163,SANGAM VIHAR-A,75114,1.419,52934,26.5903625,17,0.24123,0,0,83,1.17777,94,6,17,97,4,-0.392561172,1.304511542,1.543821063,-0.54549928,-0.626764184,0.769974349,-1.371414148,-1.251445099,1.522017836,-1.680744504
DEOLI,South Zone,164,DAKSHIN PURI,72967,1.801,40515,18.704975,51,0.91851,0,0,49,0.88249,69,31,24,58,19,-0.356679795,0.625048926,0.461339581,1.231030942,-0.626764184,-0.869500092,-0.476141699,-0.859809026,-0.024909497,-0.946086791
AMBEDKAR NAGAR,South Zone,165,MADANGIR,52695,1.164,45271,12.9477,16,0.11506,2,0.02328,82,0.95448,31,71,38,52,51,-0.416513401,0.885257011,-0.329001232,-0.597750169,-0.206117081,0.721754513,0.956294219,-0.076536878,-0.262898317,0.621182998
AMBEDKAR NAGAR,South Zone,166,PUSHP VIHAR,82509,2.416,34151,2.7198,56,1.35296,0,0,43,1.03888,3,96,71,22,59,-0.298912655,0.276864685,-1.733055547,1.492285386,-0.626764184,-1.15881911,1.851566668,1.769747469,-1.452842419,1.013000445
AMBEDKAR NAGAR,South Zone,167,KHANPUR,64453,2.709,23792,16.546825,29,0.78561,1,0.02709,68,1.84212,59,42,38,67,33,-0.271391074,-0.289892159,0.165075459,0.081511387,-0.416440632,0.046676802,-0.082221822,-0.076536878,0.332073734,-0.260406258
SANGAM VIHAR,Central Zone,168,SANGAM VIHAR-C,73215,2.184,33523,24.1408,41,0.89544,2,0.04368,56,1.22304,88,12,22,84,9,-0.320704486,0.242505838,1.207552739,0.708522053,-0.206117081,-0.531961236,-1.15654876,-0.971705047,1.006375392,-1.4358586
SANGAM VIHAR,Central Zone,169,SANGAM VIHAR-B,72010,4.549,15830,13.1705875,73,3.32077,1,0.04549,24,1.09176,78,8,21,19,7,-0.098559307,-0.725505441,-0.298403929,2.380550497,-0.416440632,-2.074996004,-1.299792352,-1.027653057,-1.57183683,-1.533812962
SANGAM VIHAR,Central Zone,170,TUGHLAKABAD EXTENSION,72486,3.452,20998,19.53425,33,1.13916,2,0.06904,63,2.17476,76,27,32,71,28,-0.201600855,-0.442756202,0.575179875,0.290514942,-0.206117081,-0.194422381,-0.619385291,-0.412224942,0.490732948,-0.505292163
GREATER KAILASH,South Zone,171,CHITARANJAN PARK,62940,3.592,17522,4.1602,51,1.83192,0,0,49,1.76008,6,94,61,21,72,-0.188450612,-0.632933515,-1.535321913,1.231030942,-0.626764184,-0.869500092,1.779944872,1.210267364,-1.492507223,1.649703796
GREATER KAILASH,South Zone,172,CHIRAG DELHI,74850,4.199,17826,18.7375625,37,1.55363,2,0.08398,61,2.56139,71,38,47,74,29,-0.131434915,-0.616301207,0.465813092,0.499518498,-0.206117081,-0.290862054,-0.225465413,0.426995216,0.609727358,-0.456314982
GREATER KAILASH,South Zone,173,GREATER KAILASH,47763,4.797,9957,2.25,62,2.97414,1,0.04797,37,1.77489,11,88,74,19,48,-0.07526459,-1.046826316,-1.797548231,1.80579072,-0.416440632,-1.448138129,1.565079484,1.937591501,-1.57183683,0.474251455
KALKAJI,Central Zone,174,SRI NIWAS PURI,70489,3.634,19397,13.999925,29,1.05386,1,0.03634,68,2.47112,52,52,42,48,19,-0.184505539,-0.530349378,-0.184555055,0.081511387,-0.416440632,0.046676802,0.275887158,0.147255164,-0.421557531,-0.946086791
KALKAJI,Central Zone,175,KALKAJI,45038,3.167,14221,6.730326,43,1.36181,8,0.25336,42,1.33014,36,66,64,25,39,-0.228370993,-0.813536309,-1.182503006,0.813023831,1.055824229,-1.207038947,0.777239729,1.378111395,-1.333848009,0.033456827
KALKAJI,Central Zone,176,GOVIND PURI,74610,1.532,48701,27.3834,6,0.05088,0,0,94,1.44008,96,4,8,94,8,-0.381947048,1.072917593,1.652686786,-1.120259058,-0.626764184,1.30039255,-1.443035944,-1.754977194,1.403023426,-1.484835781
TUGHLAKABAD,Central Zone,177,HARKESH NAGAR,65932,3.897,16919,19.3232785,15,0.81837,1,0.03897,84,3.27348,62,39,27,68,29,-0.159801868,-0.665924574,0.546218364,-0.650001058,-0.416440632,0.818194186,-0.189654516,-0.691964994,0.371738538,-0.456314982
TUGHLAKABAD,Central Zone,178,TUGHLAKABAD,63172,6.457,9783,23.024005,47,3.03479,3,0.19371,49,3.16393,86,17,21,78,44,0.080659722,-1.056346124,1.054242593,1.022027386,0.004206471,-0.869500092,-0.97749427,-1.027653057,0.768386572,0.278342731
TUGHLAKABAD,Central Zone,179,PUL PEHLADPUR,69724,5.513,12647,19.47435,39,2.15007,0,0,61,3.36293,74,23,28,69,57,-0.008010489,-0.899652273,0.56695699,0.604020275,-0.626764184,-0.290862054,-0.762628883,-0.636016984,0.411403341,0.915046083
BADARPUR,Central Zone,180,BADARPUR,70836,2.467,28713,21.37665,38,0.93746,0,0,58,1.43086,78,22,24,74,36,-0.294122209,-0.02065667,0.82809882,0.551769387,-0.626764184,-0.435521563,-0.798439781,-0.859809026,0.609727358,-0.113474716
BADARPUR,Central Zone,181,MOLARBAND,66525,1.378,48276,24.838085,8,0.11024,1,0.01378,84,1.15752,88,9,21,89,12,-0.396412315,1.049665189,1.303273856,-1.01575728,-0.416440632,0.818194186,-1.263981454,-1.027653057,1.204699409,-1.288927057
BADARPUR,Central Zone,182,MEETHAPUR,69837,1.947,35869,23.03583,12,0.33099,7,0.13629,80,1.5576,84,16,26,86,26,-0.34296597,0.370859111,1.055865892,-0.806753724,0.845500678,0.62531484,-1.013305168,-0.747913005,1.085704999,-0.603246525
BADARPUR,Central Zone,183,HARI NAGAR EXTENSION,66979,1.593,42046,22.784945,7,0.11151,4,0.06372,89,1.41777,78,21,24,86,32,-0.376217299,0.708812294,1.021425179,-1.068008169,0.214530023,1.059293368,-0.834250679,-0.859809026,1.085704999,-0.309383439
BADARPUR,Central Zone,184,JAITPUR,62317,3.669,16985,16.798205,33,1.21077,13,0.47697,49,1.79781,58,36,26,54,18,-0.181217978,-0.662313612,0.199584124,0.290514942,2.107441987,-0.869500092,-0.297087209,-0.747913005,-0.18356871,-0.995063972
OKHLA,Central Zone,185,MADANPUR KHADAR EAST,55119,6.552,8413,14.580672,29,2.42424,26,1.70352,43,2.81736,54,29,24,52,19,0.089583101,-1.131300934,-0.104831913,0.081511387,4.841648159,-1.15881911,-0.547763495,-0.859809026,-0.262898317,-0.946086791
OKHLA,Central Zone,186,MADANPUR KHADAR WEST,56323,3.054,18442,11.89311,26,0.79404,1,0.03054,41,1.25214,52,28,31,41,39,-0.238985118,-0.582598899,-0.473772069,-0.07524128,-0.416440632,-1.255258783,-0.583574393,-0.468172952,-0.699211155,0.033456827
OKHLA,Central Zone,187,SARITA VIHAR,55385,5.482,10103,2.4759,38,2.08316,2,0.10964,58,3.17956,17,78,73,27,59,-0.010922329,-1.038838431,-1.766537381,0.551769387,-0.206117081,-0.435521563,1.206970505,1.88164349,-1.254518402,1.013000445
OKHLA,Central Zone,188,ABUL FAZAL ENCLAVE,76012,3.365,22589,20.146675,14,0.4711,16,0.5384,69,2.32185,74,27,28,77,44,-0.209772792,-0.355710142,0.659251676,-0.702251947,2.738412642,0.094896638,-0.619385291,-0.636016984,0.728721768,0.278342731
OKHLA,Central Zone,189,ZAKIR NAGAR,76470,4.584,16682,17.98642,36,1.65024,11,0.50424,52,2.38368,71,24,26,59,36,-0.095271746,-0.678891209,0.362698585,0.447267609,1.686794884,-0.724840582,-0.726817985,-0.747913005,0.014755307,-0.113474716
TRILOKPURI,Shahdara South Zone,190,NEW ASHOK NAGAR,63870,1.435,44509,23.6065,22,0.3157,0,0,78,1.1193,86,18,23,87,29,-0.391058287,0.843566817,1.134205696,-0.284244835,-0.626764184,0.528875167,-0.941683373,-0.915757036,1.125369802,-0.456314982
TRILOKPURI,Shahdara South Zone,191,MAYUR VIHAR PHASE-I,88878,1.771,50185,2.16145,42,0.74382,1,0.01771,57,1.00947,11,89,76,21,62,-0.359497704,1.154109519,-1.8097041,0.760772942,-0.416440632,-0.4837414,1.600890382,2.049487522,-1.492507223,1.159931988
TRILOKPURI,Shahdara South Zone,192,TRILOKPURI,88792,1.118,79420,20.8775,11,0.1078,1,0.01118,88,0.98384,47,77,29,74,39,-0.420834195,2.753601393,0.75957706,-0.859004613,-0.416440632,1.011073531,1.171159607,-0.580068973,0.609727358,0.033456827
KONDLI,Shahdara South Zone,193,KONDLI,66098,3.15,20983,17.990125,27,0.8505,8,0.252,64,2.016,47,68,33,63,52,-0.229967808,-0.443576875,0.363207196,-0.022990391,1.055824229,-0.146202544,0.848861525,-0.356276931,0.173414521,0.670160179
KONDLI,Shahdara South Zone,194,GHAROLI,78926,2.805,28138,20.0256,17,0.47685,3,0.08415,62,1.7391,69,28,28,77,39,-0.262373765,-0.052115806,0.642630876,-0.54549928,0.004206471,-0.242642217,-0.583574393,-0.636016984,0.728721768,0.033456827
KONDLI,Shahdara South Zone,195,KALYANPURI,87375,2.563,34091,19.282145,26,0.66638,6,0.15378,66,1.69158,39,73,29,69,62,-0.2851049,0.273581992,0.540571685,-0.07524128,0.635177126,-0.049762871,1.027916015,-0.580068973,0.411403341,1.159931988
PATPARGANJ,Shahdara South Zone,196,MAYUR VIHAR PHASE-II,55663,2.526,22036,5.405275,46,1.16196,2,0.05052,50,1.263,13,84,66,31,68,-0.288580321,-0.385965623,-1.364401888,0.969776498,-0.206117081,-0.821280255,1.421835892,1.490007416,-1.095859189,1.453795073
PATPARGANJ,Shahdara South Zone,197,PATPAR GANJ,58762,9.825,5981,2.5736875,58,5.6985,14,1.3755,26,2.5545,9,68,51,9,96,0.397017001,-1.2643594,-1.753113417,1.596787164,2.317765539,-1.978556331,0.848861525,0.650787258,-1.968484864,2.825156138
PATPARGANJ,Shahdara South Zone,198,VINOD NAGAR,58936,1.023,57611,25.372125,9,0.09207,0,0,89,0.91047,92,16,18,91,61,-0.429757575,1.560397415,1.376585207,-0.963506391,-0.626764184,1.059293368,-1.013305168,-1.195497089,1.284029016,1.110954807
PATPARGANJ,Shahdara South Zone,199,MANDAWALI,49753,1.234,40318,23.678675,17,0.10778,1,0.01234,80,0.9872,83,19,26,87,39,-0.409938279,0.614270753,1.144113655,-0.54549928,-0.416440632,0.62531484,-0.905872475,-0.747913005,1.125369802,0.033456827
LAXMI NAGAR,Shahdara South Zone,200,PANDAV NAGAR,71022,3.771,18834,0.0659925,67,2.52657,11,0.41481,21,0.79191,9,88,79,11,71,-0.171637087,-0.561151975,-2.097361991,2.067045164,1.686794884,-2.219655513,1.565079484,2.217331553,-1.889155257,1.600726616
LAXMI NAGAR,Shahdara South Zone,201,LALITA PARK,55805,5.374,10384,18.64252,48,2.57952,11,0.59114,39,2.09586,72,32,26,59,59,-0.021066802,-1.023464489,0.452765953,1.074278275,1.686794884,-1.351698456,-0.440330801,-0.747913005,0.014755307,1.013000445
LAXMI NAGAR,Shahdara South Zone,202,SHAKARPUR,66256,1.189,55724,25.5865125,7,0.08323,1,0.01189,90,1.0701,92,12,22,94,19,-0.414165143,1.457156739,1.406015656,-1.068008169,-0.416440632,1.107513204,-1.15654876,-0.971705047,1.403023426,-0.946086791
LAXMI NAGAR,Shahdara South Zone,203,LAXMI NAGAR,47859,1.008,47479,23.8614,7,0.07056,0,0,92,0.92736,84,14,26,92,28,-0.431166529,1.006060091,1.169197575,-1.068008169,-0.626764184,1.203952877,-1.084926964,-0.747913005,1.323693819,-0.505292163
VISHWAS NAGAR,Shahdara South Zone,204,PREET VIHAR,52293,3.307,15813,4.3759875,44,1.45508,2,0.06614,53,1.75271,9,92,58,21,59,-0.21522075,-0.726435537,-1.505699276,0.86527472,-0.206117081,-0.676620746,1.708323076,1.042423332,-1.492507223,1.013000445
VISHWAS NAGAR,Shahdara South Zone,205,I.P. EXTENSION,60343,2.953,20434,21.3131,36,1.06308,0,0,63,1.86039,3,97,86,9,73,-0.248472079,-0.473613511,0.819374873,0.447267609,-0.626764184,-0.194422381,1.887377566,2.608967627,-1.968484864,1.698680977
VISHWAS NAGAR,Shahdara South Zone,206,ANAND VIHAR,56495,5.151,10968,7.613675,29,1.49379,2,0.10302,68,3.50268,21,82,48,29,59,-0.042013261,-0.991512949,-1.061239602,0.081511387,-0.206117081,0.046676802,1.350214096,0.482943227,-1.175188795,1.013000445
VISHWAS NAGAR,Shahdara South Zone,207,VISHWAS NAGAR,53057,2.574,20613,15.318525,26,0.53924,0,0,74,1.90476,48,48,39,61,52,-0.284071666,-0.463820145,-0.003541747,-0.07524128,-0.626764184,0.335995821,0.132643566,-0.020588868,0.094084914,0.670160179
KRISHNA NAGAR,Shahdara South Zone,208,ANARKALI,57322,0.996,57552,24.625425,6,0.05436,0,0,94,0.93624,87,17,18,89,11,-0.432293693,1.557169434,1.274080552,-1.120259058,-0.626764184,1.30039255,-0.97749427,-1.195497089,1.204699409,-1.337904238
KRISHNA NAGAR,Shahdara South Zone,209,JAGAT PURI,76170,1.431,53229,15.6340125,14,0.14434,2,0.02062,83,1.18773,39,59,38,64,26,-0.391434009,1.320651447,0.039767397,-0.702251947,-0.206117081,0.769974349,0.526563443,-0.076536878,0.213079324,-0.603246525
KRISHNA NAGAR,Shahdara South Zone,210,GEETA COLONY,59249,1.052,56320,10.18425,34,0.35768,0,0,66,0.69432,18,78,51,43,31,-0.427033596,1.489764817,-0.708359057,0.342765831,-0.626764184,-0.049762871,1.206970505,0.650787258,-0.619881548,-0.35836062
KRISHNA NAGAR,Shahdara South Zone,211,KRISHNA NAGAR,61458,2.308,26628,18.52497,22,0.50776,6,0.13848,71,1.63868,53,46,34,74,36,-0.309057128,-0.134730231,0.436629055,-0.284244835,0.635177126,0.191336311,0.06102177,-0.300328921,0.609727358,-0.113474716
GANDHI NAGAR,Shahdara South Zone,212,GANDHI NAGAR,62052,2.027,30613,22.5016925,11,0.22297,4,0.08108,84,1.70268,77,26,23,86,26,-0.335451545,0.083295256,0.982541157,-0.859004613,0.214530023,0.818194186,-0.655196189,-0.915757036,1.085704999,-0.603246525
GANDHI NAGAR,Shahdara South Zone,213,SHASTRI PARK,68530,3.029,22625,11.113695,42,1.27218,11,0.33319,46,1.39334,38,58,47,42,84,-0.241333376,-0.353740526,-0.580767737,0.760772942,1.686794884,-1.014159601,0.490752546,0.426995216,-0.659546351,2.237429967
GANDHI NAGAR,Shahdara South Zone,214,AZAD NAGAR,66674,1.077,61907,24.6019125,7,0.07539,1,0.01077,92,0.99084,84,13,18,92,11,-0.424685338,1.795438192,1.270852829,-1.068008169,-0.416440632,1.203952877,-1.120737862,-1.195497089,1.323693819,-1.337904238
SHAHDARA,Shahdara South Zone,215,SHAHDARA,69110,1.142,60517,21.85725,8,0.09136,1,0.01142,89,1.01638,73,23,28,87,21,-0.418579868,1.719389151,0.894074094,-1.01575728,-0.416440632,1.059293368,-0.762628883,-0.636016984,1.125369802,-0.848132429
SHAHDARA,Shahdara North Zone,216,JHILMIL,68555,2.456,27913,6.7851,26,0.63856,2,0.04912,70,1.7192,31,68,72,42,52,-0.295155443,-0.064425902,-1.174983802,-0.07524128,-0.206117081,0.143116475,0.848861525,1.82569548,-0.659546351,0.670160179
SHAHDARA,Shahdara North Zone,217,DILSHAD COLONY,76598,1.78,43033,8.411,41,0.7298,0,0,59,1.0502,31,72,61,39,46,-0.358652331,0.762812584,-0.951785304,0.708522053,-0.626764184,-0.387301727,0.992105117,1.210267364,-0.778540761,0.376297093
SEEMA PURI,Shahdara North Zone,218,SUNDAR NAGRI,83935,1.452,57806,24.6185,11,0.11572,1,0.01052,86,1.24872,86,16,22,92,22,-0.389461472,1.571066166,1.273129909,-0.859004613,-0.416440632,0.914633858,-1.013305168,-0.971705047,1.323693819,-0.799155248
SEEMA PURI,Shahdara North Zone,219,DILSHAD GARDEN,79248,1.869,42401,6.1799125,44,0.82236,2,0.03738,53,0.99057,16,86,63,34,49,-0.350292534,0.728234891,-1.25806206,0.86527472,-0.206117081,-0.676620746,1.493457688,1.322163385,-0.976864778,0.523228636
SEEMA PURI,Shahdara North Zone,220,NAND NAGRI,73753,1.826,40390,9.977175,56,1.02256,0,0,43,0.78518,28,72,49,38,38,-0.354331537,0.618209983,-0.736785669,1.492285386,-0.626764184,-1.15881911,0.992105117,0.538891237,-0.818205565,-0.015520354
ROHTAS NAGAR,Shahdara North Zone,221,ASHOK NAGAR,59850,1.089,54959,18.1411,21,0.22869,2,0.02178,75,0.81675,61,41,33,68,31,-0.423558174,1.415302411,0.383932574,-0.336495724,-0.206117081,0.384215657,-0.11803272,-0.356276931,0.371738538,-0.35836062
ROHTAS NAGAR,Shahdara North Zone,222,RAM NAGAR EAST,59874,1.256,47670,22.8805,8,0.07648,2,0.01912,89,1.11784,79,18,27,83,23,-0.407871813,1.016509995,1.034542673,-1.01575728,-0.206117081,1.059293368,-0.941683373,-0.691964994,0.966710589,-0.750178067
ROHTAS NAGAR,Shahdara North Zone,223,ROHTASH NAGAR,55550,1.122,49510,22.60975,12,0.13464,0,0,87,0.97614,77,27,23,83,24,-0.420458474,1.117179229,0.997374954,-0.806753724,-0.626764184,0.962853695,-0.619385291,-0.915757036,0.966710589,-0.701200886
ROHTAS NAGAR,Shahdara North Zone,224,WELCOME COLONY,65707,1.396,47068,17.37785,23,0.32108,0,0,73,1.01908,59,41,36,64,43,-0.39472157,0.983573648,0.279155987,-0.231993947,-0.626764184,0.287775984,-0.11803272,-0.188432899,0.213079324,0.229365551
SEELAMPUR,Shahdara North Zone,225,SEELAMPUR,63039,1.143,55152,20.1664125,17,0.12631,2,0.01486,81,0.92583,68,31,29,73,39,-0.418485938,1.425861738,0.661961178,-0.54549928,-0.206117081,0.673534676,-0.476141699,-0.580068973,0.570062555,0.033456827
SEELAMPUR,Shahdara North Zone,226,GAUTAM PURI,51072,3.874,13183,5.76937,62,2.40188,11,0.42614,26,1.00724,26,22,28,28,62,-0.161962265,-0.870326888,-1.314420058,1.80579072,1.686794884,-1.978556331,-0.798439781,-0.636016984,-1.214853599,1.159931988
SEELAMPUR,Shahdara North Zone,227,CHAUHAN BANGER,58344,1.212,48139,25.67575,4,0.0216,0,0,93,1.12716,88,8,19,93,12,-0.412004746,1.042169708,1.418265903,-1.224760835,-0.626764184,1.252172714,-1.299792352,-1.139549078,1.363358623,-1.288927057
SEELAMPUR,Shahdara North Zone,228,MAUJPUR,63960,1.934,33071,22.978275,4,0.00632,0,0,96,1.85664,79,18,23,87,14,-0.344187064,0.217776221,1.047964921,-1.224760835,-0.626764184,1.396832223,-0.941683373,-0.915757036,1.125369802,-1.190972695
GHONDA,Shahdara North Zone,229,BRAHAM PURI,66203,2.559,25871,11.910435,46,1.17714,4,0.10236,49,1.25391,47,32,37,51,42,-0.285480621,-0.176146867,-0.471393747,0.969776498,0.214530023,-0.869500092,-0.440330801,-0.132484889,-0.30256312,0.18038837
GHONDA,Shahdara North Zone,230,BHAJANPURA,57248,5.193,11024,11.7533325,41,2.12913,4,0.20772,54,2.80422,48,29,42,52,68,-0.038068188,-0.988449103,-0.49296029,0.708522053,0.214530023,-0.628400909,-0.547763495,0.147255164,-0.262898317,1.453795073
GHONDA,Shahdara North Zone,231,GHONDA,65273,1.132,57662,23.9175,8,0.0528,2,0.0132,88,0.99616,86,16,19,86,19,-0.419519171,1.563187704,1.176898809,-1.01575728,-0.206117081,1.011073531,-1.013305168,-1.139549078,1.085704999,-0.946086791
GHONDA,Shahdara North Zone,232,YAMUNA VIHAR,53966,1.771,30472,5.1643125,34,0.46614,0,0,63,1.11573,11,92,63,28,61,-0.359497704,0.075580929,-1.397480471,0.342765831,-0.626764184,-0.194422381,1.708323076,1.322163385,-1.214853599,1.110954807
BABARPUR,Shahdara North Zone,233,SUBHASH MOHALLA,57209,1.269,45082,24.9080125,7,0.04683,0,0,92,1.16748,91,9,18,92,13,-0.406650719,0.87491653,1.312873285,-1.068008169,-0.626764184,1.203952877,-1.263981454,-1.195497089,1.323693819,-1.239949876
BABARPUR,Shahdara North Zone,234,KABIR NAGAR,54811,1.163,47129,24.9088375,3,0.01989,2,0.01326,94,1.09322,92,12,18,88,8,-0.416607331,0.986911052,1.312986539,-1.277011724,-0.206117081,1.30039255,-1.15654876,-1.195497089,1.165034606,-1.484835781
BABARPUR,Shahdara North Zone,235,GORAKH PARK,63353,1.632,38819,19.9409375,16,0.084,0,0,83,1.35456,67,33,28,76,24,-0.372554017,0.532258154,0.631008671,-0.597750169,-0.626764184,0.769974349,-0.404519903,-0.636016984,0.689056965,-0.701200886
BABARPUR,Shahdara North Zone,236,KARDAM PURI,64940,2.005,32389,24.9993125,4,0.0002,2,0.0001,93,1.86465,92,9,18,89,8,-0.337518012,0.180462951,1.325406666,-1.224760835,-0.206117081,1.252172714,-1.263981454,-1.195497089,1.204699409,-1.484835781
GOKALPUR,Shahdara North Zone,237,HARSH VIHAR,78698,2.677,29398,20.9220675,11,0.29447,3,0.08031,84,2.24868,74,23,31,79,19,-0.274396844,0.016820735,0.765695147,-0.859004613,0.004206471,0.818194186,-0.762628883,-0.468172952,0.808051375,-0.946086791
GOKALPUR,Shahdara North Zone,238,SABOLI,71019,1.704,41678,24.0157,4,0.06816,1,0.01704,93,1.58472,89,8,23,89,18,-0.365791035,0.688678447,1.190379399,-1.224760835,-0.416440632,1.252172714,-1.299792352,-0.915757036,1.204699409,-0.995063972
GOKALPUR,Shahdara North Zone,239,GOKAL PURI,73943,1.563,47308,12.382775,28,0.43764,0,0,69,1.07847,48,49,49,52,52,-0.379035208,0.996704418,-0.40655238,0.029260498,-0.626764184,0.094896638,0.168454464,0.538891237,-0.262898317,0.670160179
GOKALPUR,Shahdara North Zone,240,JOHARIPUR,71269,1.306,54570,23.07369,7,0.09142,4,0.05224,89,1.16234,87,17,24,84,17,-0.403175297,1.394019622,1.061063195,-1.068008169,0.214530023,1.059293368,-0.97749427,-0.859809026,1.006375392,-1.044041153
MUSTAFABAD,Shahdara North Zone,241,KARAWAL NAGAR-EAST,65474,1.218,53755,22.832525,7,0.08526,2,0.02436,91,1.10838,79,18,23,86,17,-0.411441164,1.349429717,1.027956814,-1.068008169,-0.206117081,1.155733041,-0.941683373,-0.915757036,1.085704999,-1.044041153
MUSTAFABAD,Shahdara North Zone,242,DAYALPUR,54188,1.194,45384,24.85075,11,0.13134,0,0,89,1.06266,88,8,19,91,9,-0.413695492,0.891439415,1.305012467,-0.859004613,-0.626764184,1.059293368,-1.299792352,-1.139549078,1.284029016,-1.4358586
MUSTAFABAD,Shahdara North Zone,243,MUSTAFABAD,55586,2.445,22735,26.6888125,3,0.01335,0,0,93,2.27385,96,4,17,96,3,-0.296188676,-0.347722257,1.557335973,-1.277011724,-0.626764184,1.252172714,-1.443035944,-1.251445099,1.482353033,-1.729721685
MUSTAFABAD,Shahdara North Zone,244,NEHRU VIHAR,73213,1.04,70397,15.8856,14,0.1456,3,0.0312,82,0.8528,62,42,41,62,39,-0.428160759,2.259939167,0.074304546,-0.702251947,0.004206471,0.721754513,-0.082221822,0.091307153,0.133749717,0.033456827
MUSTAFABAD,Shahdara North Zone,245,BRIJ PURI,63040,1.321,47721,24.9187375,3,0.01773,0,0,94,1.24174,88,11,18,89,11,-0.401766343,1.019300284,1.31434558,-1.277011724,-0.626764184,1.30039255,-1.192359658,-1.195497089,1.204699409,-1.337904238
KARAWAL NAGAR,Shahdara North Zone,246,SRI RAM COLONY,83347,1.175,70934,22.1183125,12,0.129,7,0.07525,81,0.95175,78,22,26,79,32,-0.415480168,2.289319264,0.929911942,-0.806753724,0.845500678,0.673534676,-0.798439781,-0.747913005,0.808051375,-0.309383439
KARAWAL NAGAR,Shahdara North Zone,247,SADATPUR,60181,1.107,54364,19.6393,19,0.21033,1,0.01107,79,0.87453,74,24,28,71,24,-0.421867429,1.382749045,0.589600813,-0.440997502,-0.416440632,0.577095003,-0.726817985,-0.636016984,0.490732948,-0.701200886
KARAWAL NAGAR,Shahdara North Zone,248,KARAWAL NAGAR-WEST,69926,1.565,44681,24.7848125,3,0.04695,2,0.0313,93,1.45545,89,11,21,89,12,-0.378847347,0.852977202,1.295960772,-1.277011724,-0.206117081,1.252172714,-1.192359658,-1.027653057,1.204699409,-1.288927057
KARAWAL NAGAR,Shahdara North Zone,249,SONIA VIHAR,65031,3.502,18570,19.78988,34,1.19068,7,0.24514,59,2.06618,79,22,31,68,22,-0.19690434,-0.575595821,0.610271967,0.342765831,0.845500678,-0.387301727,-0.798439781,-0.468172952,0.371738538,-0.799155248
KARAWAL NAGAR,Shahdara North Zone,250,SABAPUR,42819,10.475,4088,20.47625,38,3.9805,0,0,58,6.0755,83,16,29,73,13,0.458071701,-1.367928345,0.704494707,0.551769387,-0.626764184,-0.435521563,-1.013305168,-0.580068973,0.570062555,-1.239949876
,,,,,,,,,,,,,,,,,,,,,,,,,,,,
,,,,,,,,,,,,,,,,,,,,,,,,,,,,
,,,,,,,,,,,,,,,,,,,,,,,,,,,,
averages,,,,65466.512,5.5982812,29090.556,15.34432502,27.44,2.628054276,2.98,0.165011824,67.032,2.637972228,52.072,44.296,39.368,58.628,38.388,,,,,,,,,,
std dev,,,,10584.53068,10.64619095,18277.6796,7.284547249,19.1384304,7.63243694,4.754579276,0.387388131,20.73835319,3.258881799,28.30163859,27.92446035,17.87373654,25.21126828,20.46815177,,,,,,,,,,
,,,,,,,,,,,,,,,,,,,,,,,,,,,,
,,,,,,,,,,,,,,,,,,,,,,,,,,,,
,,,,,,,,,,,,,,,,,,,,,,,,,,,,
,,,,,,,,,,,,,,,,,,,,,,,,,,,,
,,,,,,,,,,,,,,,,,,,,,,,,,,,,
,,,,,,,,,,,,,,,,,,,,,,,,,,,,
,,,,,,,,,,,,,,,,,,,,,,,,,,,,
,,,,,,,,,,,,,,,,,,,,,,,,,,,,
,,,,,,,,,,,,,,,,,,,,,,,,,,,,
,,,,,,,,,,,,,,,,,,,,,,,,,,,,
,,,,,,,,,,,,,,,,,,,,,,,,,,,,
,,,,,,,,,,,,,,,,,,,,,,,,,,,,
,,,,,,,,,,,,,,,,,,,,,,,,,,,,
,,,,,,,,,,,,,,,,,,,,,,,,,,,,
,,,,,,,,,,,,,,,,,,,,,,,,,,,,
,,,,,,,,,,,,,,,,,,,,,,,,,,,,
,,,,,,,,,,,,,,,,,,,,,,,,,,,,
,,,,,,,,,,,,,,,,,,,,,,,,,,,,
,,,,,,,,,,,,,,,,,,,,,,,,,,,,
,,,,,,,,,,,,,,,,,,,,,,,,,,,,
,,,,,,,,,,,,,,,,,,,,,,,,,,,,
,,,,,,,,,,,,,,,,,,,,,,,,,,,,
,,,,,,,,,,,,,,,,,,,,,,,,,,,,
,,,,,,,,,,,,,,,,,,,,,,,,,,,,
,,,,,,,,,,,,,,,,,,,,,,,,,,,,
,,,,,,,,,,,,,,,,,,,,,,,,,,,,
,,,,,,,,,,,,,,,,,,,,,,,,,,,,
,,,,,,,,,,,,,,,,,,,,,,,,,,,,
,,,,,,,,,,,,,,,,,,,,,,,,,,,,
,,,,,,,,,,,,,,,,,,,,,,,,,,,,
,,,,,,,,,,,,,,,,,,,,,,,,,,,,
,,,,,,,,,,,,,,,,,,,,,,,,,,,,
,,,,,,,,,,,,,,,,,,,,,,,,,,,,
,,,,,,,,,,,,,,,,,,,,,,,,,,,,
,,,,,,,,,,,,,,,,,,,,,,,,,,,,
,,,,,,,,,,,,,,,,,,,,,,,,,,,,
,,,,,,,,,,,,,,,,,,,,,,,,,,,,
,,,,,,,,,,,,,,,,,,,,,,,,,,,,
,,,,,,,,,,,,,,,,,,,,,,,,,,,,
,,,,,,,,,,,,,,,,,,,,,,,,,,,,
,,,,,,,,,,,,,,,,,,,,,,,,,,,,
,,,,,,,,,,,,,,,,,,,,,,,,,,,,
,,,,,,,,,,,,,,,,,,,,,,,,,,,,
,,,,,,,,,,,,,,,,,,,,,,,,,,,,
,,,,,,,,,,,,,,,,,,,,,,,,,,,,
,,,,,,,,,,,,,,,,,,,,,,,,,,,,
,,,,,,,,,,,,,,,,,,,,,,,,,,,,
,,,,,,,,,,,,,,,,,,,,,,,,,,,,
,,,,,,,,,,,,,,,,,,,,,,,,,,,,
,,,,,,,,,,,,,,,,,,,,,,,,,,,,
,,,,,,,,,,,,,,,,,,,,,,,,,,,,
,,,,,,,,,,,,,,,,,,,,,,,,,,,,
,,,,,,,,,,,,,,,,,,,,,,,,,,,,
,,,,,,,,,,,,,,,,,,,,,,,,,,,,
,,,,,,,,,,,,,,,,,,,,,,,,,,,,
,,,,,,,,,,,,,,,,,,,,,,,,,,,,
,,,,,,,,,,,,,,,,,,,,,,,,,,,,
,,,,,,,,,,,,,,,,,,,,,,,,,,,,
,,,,,,,,,,,,,,,,,,,,,,,,,,,,
,,,,,,,,,,,,,,,,,,,,,,,,,,,,
,,,,,,,,,,,,,,,,,,,,,,,,,,,,
,,,,,,,,,,,,,,,,,,,,,,,,,,,,
,,,,,,,,,,,,,,,,,,,,,,,,,,,,
,,,,,,,,,,,,,,,,,,,,,,,,,,,,
,,,,,,,,,,,,,,,,,,,,,,,,,,,,
,,,,,,,,,,,,,,,,,,,,,,,,,,,,
,,,,,,,,,,,,,,,,,,,,,,,,,,,,
,,,,,,,,,,,,,,,,,,,,,,,,,,,,
,,,,,,,,,,,,,,,,,,,,,,,,,,,,
,,,,,,,,,,,,,,,,,,,,,,,,,,,,
,,,,,,,,,,,,,,,,,,,,,,,,,,,,
,,,,,,,,,,,,,,,,,,,,,,,,,,,,
,,,,,,,,,,,,,,,,,,,,,,,,,,,,
,,,,,,,,,,,,,,,,,,,,,,,,,,,,
,,,,,,,,,,,,,,,,,,,,,,,,,,,,
,,,,,,,,,,,,,,,,,,,,,,,,,,,,
,,,,,,,,,,,,,,,,,,,,,,,,,,,,
,,,,,,,,,,,,,,,,,,,,,,,,,,,,
,,,,,,,,,,,,,,,,,,,,,,,,,,,,
,,,,,,,,,,,,,,,,,,,,,,,,,,,,
,,,,,,,,,,,,,,,,,,,,,,,,,,,,
,,,,,,,,,,,,,,,,,,,,,,,,,,,,
,,,,,,,,,,,,,,,,,,,,,,,,,,,,
,,,,,,,,,,,,,,,,,,,,,,,,,,,,
,,,,,,,,,,,,,,,,,,,,,,,,,,,,
,,,,,,,,,,,,,,,,,,,,,,,,,,,,
,,,,,,,,,,,,,,,,,,,,,,,,,,,,
,,,,,,,,,,,,,,,,,,,,,,,,,,,,
,,,,,,,,,,,,,,,,,,,,,,,,,,,,
,,,,,,,,,,,,,,,,,,,,,,,,,,,,
,,,,,,,,,,,,,,,,,,,,,,,,,,,,
,,,,,,,,,,,,,,,,,,,,,,,,,,,,
,,,,,,,,,,,,,,,,,,,,,,,,,,,,
,,,,,,,,,,,,,,,,,,,,,,,,,,,,
,,,,,,,,,,,,,,,,,,,,,,,,,,,,
,,,,,,,,,,,,,,,,,,,,,,,,,,,,
,,,,,,,,,,,,,,,,,,,,,,,,,,,,
,,,,,,,,,,,,,,,,,,,,,,,,,,,,
,,,,,,,,,,,,,,,,,,,,,,,,,,,,
,,,,,,,,,,,,,,,,,,,,,,,,,,,,
,,,,,,,,,,,,,,,,,,,,,,,,,,,,
,,,,,,,,,,,,,,,,,,,,,,,,,,,,
,,,,,,,,,,,,,,,,,,,,,,,,,,,,
,,,,,,,,,,,,,,,,,,,,,,,,,,,,
,,,,,,,,,,,,,,,,,,,,,,,,,,,,
,,,,,,,,,,,,,,,,,,,,,,,,,,,,
,,,,,,,,,,,,,,,,,,,,,,,,,,,,
,,,,,,,,,,,,,,,,,,,,,,,,,,,,
,,,,,,,,,,,,,,,,,,,,,,,,,,,,
,,,,,,,,,,,,,,,,,,,,,,,,,,,,
,,,,,,,,,,,,,,,,,,,,,,,,,,,,
,,,,,,,,,,,,,,,,,,,,,,,,,,,,
,,,,,,,,,,,,,,,,,,,,,,,,,,,,
,,,,,,,,,,,,,,,,,,,,,,,,,,,,
,,,,,,,,,,,,,,,,,,,,,,,,,,,,
,,,,,,,,,,,,,,,,,,,,,,,,,,,,
,,,,,,,,,,,,,,,,,,,,,,,,,,,,
,,,,,,,,,,,,,,,,,,,,,,,,,,,,
,,,,,,,,,,,,,,,,,,,,,,,,,,,,
,,,,,,,,,,,,,,,,,,,,,,,,,,,,
,,,,,,,,,,,,,,,,,,,,,,,,,,,,
,,,,,,,,,,,,,,,,,,,,,,,,,,,,
,,,,,,,,,,,,,,,,,,,,,,,,,,,,
,,,,,,,,,,,,,,,,,,,,,,,,,,,,
,,,,,,,,,,,,,,,,,,,,,,,,,,,,
,,,,,,,,,,,,,,,,,,,,,,,,,,,,
,,,,,,,,,,,,,,,,,,,,,,,,,,,,
,,,,,,,,,,,,,,,,,,,,,,,,,,,,
,,,,,,,,,,,,,,,,,,,,,,,,,,,,
,,,,,,,,,,,,,,,,,,,,,,,,,,,,
,,,,,,,,,,,,,,,,,,,,,,,,,,,,
,,,,,,,,,,,,,,,,,,,,,,,,,,,,
,,,,,,,,,,,,,,,,,,,,,,,,,,,,
,,,,,,,,,,,,,,,,,,,,,,,,,,,,
,,,,,,,,,,,,,,,,,,,,,,,,,,,,
,,,,,,,,,,,,,,,,,,,,,,,,,,,,
,,,,,,,,,,,,,,,,,,,,,,,,,,,,
,,,,,,,,,,,,,,,,,,,,,,,,,,,,
,,,,,,,,,,,,,,,,,,,,,,,,,,,,
,,,,,,,,,,,,,,,,,,,,,,,,,,,,
,,,,,,,,,,,,,,,,,,,,,,,,,,,,
,,,,,,,,,,,,,,,,,,,,,,,,,,,,
,,,,,,,,,,,,,,,,,,,,,,,,,,,,
,,,,,,,,,,,,,,,,,,,,,,,,,,,,
,,,,,,,,,,,,,,,,,,,,,,,,,,,,
,,,,,,,,,,,,,,,,,,,,,,,,,,,,
,,,,,,,,,,,,,,,,,,,,,,,,,,,,
,,,,,,,,,,,,,,,,,,,,,,,,,,,,
,,,,,,,,,,,,,,,,,,,,,,,,,,,,
,,,,,,,,,,,,,,,,,,,,,,,,,,,,
,,,,,,,,,,,,,,,,,,,,,,,,,,,,
,,,,,,,,,,,,,,,,,,,,,,,,,,,,
,,,,,,,,,,,,,,,,,,,,,,,,,,,,
,,,,,,,,,,,,,,,,,,,,,,,,,,,,
,,,,,,,,,,,,,,,,,,,,,,,,,,,,
,,,,,,,,,,,,,,,,,,,,,,,,,,,,
,,,,,,,,,,,,,,,,,,,,,,,,,,,,
,,,,,,,,,,,,,,,,,,,,,,,,,,,,
,,,,,,,,,,,,,,,,,,,,,,,,,,,,
,,,,,,,,,,,,,,,,,,,,,,,,,,,,
,,,,,,,,,,,,,,,,,,,,,,,,,,,,
,,,,,,,,,,,,,,,,,,,,,,,,,,,,
,,,,,,,,,,,,,,,,,,,,,,,,,,,,
,,,,,,,,,,,,,,,,,,,,,,,,,,,,
,,,,,,,,,,,,,,,,,,,,,,,,,,,,
,,,,,,,,,,,,,,,,,,,,,,,,,,,,
,,,,,,,,,,,,,,,,,,,,,,,,,,,,
,,,,,,,,,,,,,,,,,,,,,,,,,,,,
,,,,,,,,,,,,,,,,,,,,,,,,,,,,
,,,,,,,,,,,,,,,,,,,,,,,,,,,,
,,,,,,,,,,,,,,,,,,,,,,,,,,,,
,,,,,,,,,,,,,,,,,,,,,,,,,,,,
,,,,,,,,,,,,,,,,,,,,,,,,,,,,
,,,,,,,,,,,,,,,,,,,,,,,,,,,,
,,,,,,,,,,,,,,,,,,,,,,,,,,,,
,,,,,,,,,,,,,,,,,,,,,,,,,,,,
,,,,,,,,,,,,,,,,,,,,,,,,,,,,
,,,,,,,,,,,,,,,,,,,,,,,,,,,,
,,,,,,,,,,,,,,,,,,,,,,,,,,,,
,,,,,,,,,,,,,,,,,,,,,,,,,,,,
,,,,,,,,,,,,,,,,,,,,,,,,,,,,
,,,,,,,,,,,,,,,,,,,,,,,,,,,,
,,,,,,,,,,,,,,,,,,,,,,,,,,,,
,,,,,,,,,,,,,,,,,,,,,,,,,,,,
,,,,,,,,,,,,,,,,,,,,,,,,,,,,
,,,,,,,,,,,,,,,,,,,,,,,,,,,,
,,,,,,,,,,,,,,,,,,,,,,,,,,,,
,,,,,,,,,,,,,,,,,,,,,,,,,,,,
,,,,,,,,,,,,,,,,,,,,,,,,,,,,
,,,,,,,,,,,,,,,,,,,,,,,,,,,,
,,,,,,,,,,,,,,,,,,,,,,,,,,,,
,,,,,,,,,,,,,,,,,,,,,,,,,,,,
,,,,,,,,,,,,,,,,,,,,,,,,,,,,
,,,,,,,,,,,,,,,,,,,,,,,,,,,,
,,,,,,,,,,,,,,,,,,,,,,,,,,,,
,,,,,,,,,,,,,,,,,,,,,,,,,,,,
,,,,,,,,,,,,,,,,,,,,,,,,,,,,
,,,,,,,,,,,,,,,,,,,,,,,,,,,,
,,,,,,,,,,,,,,,,,,,,,,,,,,,,
,,,,,,,,,,,,,,,,,,,,,,,,,,,,
,,,,,,,,,,,,,,,,,,,,,,,,,,,,
,,,,,,,,,,,,,,,,,,,,,,,,,,,,
,,,,,,,,,,,,,,,,,,,,,,,,,,,,
,,,,,,,,,,,,,,,,,,,,,,,,,,,,
,,,,,,,,,,,,,,,,,,,,,,,,,,,,
,,,,,,,,,,,,,,,,,,,,,,,,,,,,
,,,,,,,,,,,,,,,,,,,,,,,,,,,,
,,,,,,,,,,,,,,,,,,,,,,,,,,,,
,,,,,,,,,,,,,,,,,,,,,,,,,,,,
,,,,,,,,,,,,,,,,,,,,,,,,,,,,
,,,,,,,,,,,,,,,,,,,,,,,,,,,,
,,,,,,,,,,,,,,,,,,,,,,,,,,,,
,,,,,,,,,,,,,,,,,,,,,,,,,,,,
,,,,,,,,,,,,,,,,,,,,,,,,,,,,
,,,,,,,,,,,,,,,,,,,,,,,,,,,,
,,,,,,,,,,,,,,,,,,,,,,,,,,,,
,,,,,,,,,,,,,,,,,,,,,,,,,,,,
,,,,,,,,,,,,,,,,,,,,,,,,,,,,
,,,,,,,,,,,,,,,,,,,,,,,,,,,,
,,,,,,,,,,,,,,,,,,,,,,,,,,,,
,,,,,,,,,,,,,,,,,,,,,,,,,,,,
,,,,,,,,,,,,,,,,,,,,,,,,,,,,
,,,,,,,,,,,,,,,,,,,,,,,,,,,,
,,,,,,,,,,,,,,,,,,,,,,,,,,,,
,,,,,,,,,,,,,,,,,,,,,,,,,,,,
,,,,,,,,,,,,,,,,,,,,,,,,,,,,
,,,,,,,,,,,,,,,,,,,,,,,,,,,,
,,,,,,,,,,,,,,,,,,,,,,,,,,,,
,,,,,,,,,,,,,,,,,,,,,,,,,,,,
,,,,,,,,,,,,,,,,,,,,,,,,,,,,
,,,,,,,,,,,,,,,,,,,,,,,,,,,,
,,,,,,,,,,,,,,,,,,,,,,,,,,,,
,,,,,,,,,,,,,,,,,,,,,,,,,,,,
,,,,,,,,,,,,,,,,,,,,,,,,,,,,
,,,,,,,,,,,,,,,,,,,,,,,,,,,,
,,,,,,,,,,,,,,,,,,,,,,,,,,,,
,,,,,,,,,,,,,,,,,,,,,,,,,,,,
,,,,,,,,,,,,,,,,,,,,,,,,,,,,
,,,,,,,,,,,,,,,,,,,,,,,,,,,,
,,,,,,,,,,,,,,,,,,,,,,,,,,,,
,,,,,,,,,,,,,,,,,,,,,,,,,,,,
,,,,,,,,,,,,,,,,,,,,,,,,,,,,
,,,,,,,,,,,,,,,,,,,,,,,,,,,,
,,,,,,,,,,,,,,,,,,,,,,,,,,,,
,,,,,,,,,,,,,,,,,,,,,,,,,,,,
,,,,,,,,,,,,,,,,,,,,,,,,,,,,
,,,,,,,,,,,,,,,,,,,,,,,,,,,,
,,,,,,,,,,,,,,,,,,,,,,,,,,,,
,,,,,,,,,,,,,,,,,,,,,,,,,,,,
,,,,,,,,,,,,,,,,,,,,,,,,,,,,
,,,,,,,,,,,,,,,,,,,,,,,,,,,,
,,,,,,,,,,,,,,,,,,,,,,,,,,,,
,,,,,,,,,,,,,,,,,,,,,,,,,,,,
,,,,,,,,,,,,,,,,,,,,,,,,,,,,
,,,,,,,,,,,,,,,,,,,,,,,,,,,,
,,,,,,,,,,,,,,,,,,,,,,,,,,,,
,,,,,,,,,,,,,,,,,,,,,,,,,,,,
,,,,,,,,,,,,,,,,,,,,,,,,,,,,
,,,,,,,,,,,,,,,,,,,,,,,,,,,,
,,,,,,,,,,,,,,,,,,,,,,,,,,,,
,,,,,,,,,,,,,,,,,,,,,,,,,,,,
,,,,,,,,,,,,,,,,,,,,,,,,,,,,
,,,,,,,,,,,,,,,,,,,,,,,,,,,,
,,,,,,,,,,,,,,,,,,,,,,,,,,,,
,,,,,,,,,,,,,,,,,,,,,,,,,,,,
,,,,,,,,,,,,,,,,,,,,,,,,,,,,
,,,,,,,,,,,,,,,,,,,,,,,,,,,,
,,,,,,,,,,,,,,,,,,,,,,,,,,,,
,,,,,,,,,,,,,,,,,,,,,,,,,,,,
,,,,,,,,,,,,,,,,,,,,,,,,,,,,
,,,,,,,,,,,,,,,,,,,,,,,,,,,,
,,,,,,,,,,,,,,,,,,,,,,,,,,,,
,,,,,,,,,,,,,,,,,,,,,,,,,,,,
,,,,,,,,,,,,,,,,,,,,,,,,,,,,
,,,,,,,,,,,,,,,,,,,,,,,,,,,,
,,,,,,,,,,,,,,,,,,,,,,,,,,,,
,,,,,,,,,,,,,,,,,,,,,,,,,,,,
,,,,,,,,,,,,,,,,,,,,,,,,,,,,
,,,,,,,,,,,,,,,,,,,,,,,,,,,,
,,,,,,,,,,,,,,,,,,,,,,,,,,,,
,,,,,,,,,,,,,,,,,,,,,,,,,,,,
,,,,,,,,,,,,,,,,,,,,,,,,,,,,
,,,,,,,,,,,,,,,,,,,,,,,,,,,,
,,,,,,,,,,,,,,,,,,,,,,,,,,,,
,,,,,,,,,,,,,,,,,,,,,,,,,,,,
,,,,,,,,,,,,,,,,,,,,,,,,,,,,
,,,,,,,,,,,,,,,,,,,,,,,,,,,,
,,,,,,,,,,,,,,,,,,,,,,,,,,,,
,,,,,,,,,,,,,,,,,,,,,,,,,,,,
,,,,,,,,,,,,,,,,,,,,,,,,,,,,
,,,,,,,,,,,,,,,,,,,,,,,,,,,,
,,,,,,,,,,,,,,,,,,,,,,,,,,,,
,,,,,,,,,,,,,,,,,,,,,,,,,,,,
,,,,,,,,,,,,,,,,,,,,,,,,,,,,
,,,,,,,,,,,,,,,,,,,,,,,,,,,,
,,,,,,,,,,,,,,,,,,,,,,,,,,,,
,,,,,,,,,,,,,,,,,,,,,,,,,,,,
,,,,,,,,,,,,,,,,,,,,,,,,,,,,
,,,,,,,,,,,,,,,,,,,,,,,,,,,,
,,,,,,,,,,,,,,,,,,,,,,,,,,,,
,,,,,,,,,,,,,,,,,,,,,,,,,,,,
,,,,,,,,,,,,,,,,,,,,,,,,,,,,
,,,,,,,,,,,,,,,,,,,,,,,,,,,,
,,,,,,,,,,,,,,,,,,,,,,,,,,,,
,,,,,,,,,,,,,,,,,,,,,,,,,,,,
,,,,,,,,,,,,,,,,,,,,,,,,,,,,
,,,,,,,,,,,,,,,,,,,,,,,,,,,,
,,,,,,,,,,,,,,,,,,,,,,,,,,,,
,,,,,,,,,,,,,,,,,,,,,,,,,,,,
,,,,,,,,,,,,,,,,,,,,,,,,,,,,
,,,,,,,,,,,,,,,,,,,,,,,,,,,,
,,,,,,,,,,,,,,,,,,,,,,,,,,,,
,,,,,,,,,,,,,,,,,,,,,,,,,,,,
,,,,,,,,,,,,,,,,,,,,,,,,,,,,
,,,,,,,,,,,,,,,,,,,,,,,,,,,,
,,,,,,,,,,,,,,,,,,,,,,,,,,,,
,,,,,,,,,,,,,,,,,,,,,,,,,,,,
,,,,,,,,,,,,,,,,,,,,,,,,,,,,
,,,,,,,,,,,,,,,,,,,,,,,,,,,,
,,,,,,,,,,,,,,,,,,,,,,,,,,,,
,,,,,,,,,,,,,,,,,,,,,,,,,,,,
,,,,,,,,,,,,,,,,,,,,,,,,,,,,
,,,,,,,,,,,,,,,,,,,,,,,,,,,,
,,,,,,,,,,,,,,,,,,,,,,,,,,,,
,,,,,,,,,,,,,,,,,,,,,,,,,,,,
,,,,,,,,,,,,,,,,,,,,,,,,,,,,
,,,,,,,,,,,,,,,,,,,,,,,,,,,,
,,,,,,,,,,,,,,,,,,,,,,,,,,,,
,,,,,,,,,,,,,,,,,,,,,,,,,,,,
,,,,,,,,,,,,,,,,,,,,,,,,,,,,
,,,,,,,,,,,,,,,,,,,,,,,,,,,,
,,,,,,,,,,,,,,,,,,,,,,,,,,,,
,,,,,,,,,,,,,,,,,,,,,,,,,,,,
,,,,,,,,,,,,,,,,,,,,,,,,,,,,
,,,,,,,,,,,,,,,,,,,,,,,,,,,,
,,,,,,,,,,,,,,,,,,,,,,,,,,,,
,,,,,,,,,,,,,,,,,,,,,,,,,,,,
,,,,,,,,,,,,,,,,,,,,,,,,,,,,
,,,,,,,,,,,,,,,,,,,,,,,,,,,,
,,,,,,,,,,,,,,,,,,,,,,,,,,,,
,,,,,,,,,,,,,,,,,,,,,,,,,,,,
,,,,,,,,,,,,,,,,,,,,,,,,,,,,
,,,,,,,,,,,,,,,,,,,,,,,,,,,,
,,,,,,,,,,,,,,,,,,,,,,,,,,,,
,,,,,,,,,,,,,,,,,,,,,,,,,,,,
,,,,,,,,,,,,,,,,,,,,,,,,,,,,
,,,,,,,,,,,,,,,,,,,,,,,,,,,,
,,,,,,,,,,,,,,,,,,,,,,,,,,,,
,,,,,,,,,,,,,,,,,,,,,,,,,,,,
,,,,,,,,,,,,,,,,,,,,,,,,,,,,
,,,,,,,,,,,,,,,,,,,,,,,,,,,,
,,,,,,,,,,,,,,,,,,,,,,,,,,,,
,,,,,,,,,,,,,,,,,,,,,,,,,,,,
,,,,,,,,,,,,,,,,,,,,,,,,,,,,
,,,,,,,,,,,,,,,,,,,,,,,,,,,,
,,,,,,,,,,,,,,,,,,,,,,,,,,,,
,,,,,,,,,,,,,,,,,,,,,,,,,,,,
,,,,,,,,,,,,,,,,,,,,,,,,,,,,
,,,,,,,,,,,,,,,,,,,,,,,,,,,,
,,,,,,,,,,,,,,,,,,,,,,,,,,,,
,,,,,,,,,,,,,,,,,,,,,,,,,,,,
,,,,,,,,,,,,,,,,,,,,,,,,,,,,
,,,,,,,,,,,,,,,,,,,,,,,,,,,,
,,,,,,,,,,,,,,,,,,,,,,,,,,,,
,,,,,,,,,,,,,,,,,,,,,,,,,,,,
,,,,,,,,,,,,,,,,,,,,,,,,,,,,
,,,,,,,,,,,,,,,,,,,,,,,,,,,,
,,,,,,,,,,,,,,,,,,,,,,,,,,,,
,,,,,,,,,,,,,,,,,,,,,,,,,,,,
,,,,,,,,,,,,,,,,,,,,,,,,,,,,
,,,,,,,,,,,,,,,,,,,,,,,,,,,,
,,,,,,,,,,,,,,,,,,,,,,,,,,,,
,,,,,,,,,,,,,,,,,,,,,,,,,,,,
,,,,,,,,,,,,,,,,,,,,,,,,,,,,
,,,,,,,,,,,,,,,,,,,,,,,,,,,,
,,,,,,,,,,,,,,,,,,,,,,,,,,,,
,,,,,,,,,,,,,,,,,,,,,,,,,,,,
,,,,,,,,,,,,,,,,,,,,,,,,,,,,
,,,,,,,,,,,,,,,,,,,,,,,,,,,,
,,,,,,,,,,,,,,,,,,,,,,,,,,,,
,,,,,,,,,,,,,,,,,,,,,,,,,,,,
,,,,,,,,,,,,,,,,,,,,,,,,,,,,
,,,,,,,,,,,,,,,,,,,,,,,,,,,,
,,,,,,,,,,,,,,,,,,,,,,,,,,,,
,,,,,,,,,,,,,,,,,,,,,,,,,,,,
,,,,,,,,,,,,,,,,,,,,,,,,,,,,
,,,,,,,,,,,,,,,,,,,,,,,,,,,,
,,,,,,,,,,,,,,,,,,,,,,,,,,,,
,,,,,,,,,,,,,,,,,,,,,,,,,,,,
,,,,,,,,,,,,,,,,,,,,,,,,,,,,
,,,,,,,,,,,,,,,,,,,,,,,,,,,,
,,,,,,,,,,,,,,,,,,,,,,,,,,,,
,,,,,,,,,,,,,,,,,,,,,,,,,,,,
,,,,,,,,,,,,,,,,,,,,,,,,,,,,
,,,,,,,,,,,,,,,,,,,,,,,,,,,,
,,,,,,,,,,,,,,,,,,,,,,,,,,,,
,,,,,,,,,,,,,,,,,,,,,,,,,,,,
,,,,,,,,,,,,,,,,,,,,,,,,,,,,
,,,,,,,,,,,,,,,,,,,,,,,,,,,,
,,,,,,,,,,,,,,,,,,,,,,,,,,,,
,,,,,,,,,,,,,,,,,,,,,,,,,,,,
,,,,,,,,,,,,,,,,,,,,,,,,,,,,
,,,,,,,,,,,,,,,,,,,,,,,,,,,,
,,,,,,,,,,,,,,,,,,,,,,,,,,,,
,,,,,,,,,,,,,,,,,,,,,,,,,,,,
,,,,,,,,,,,,,,,,,,,,,,,,,,,,
,,,,,,,,,,,,,,,,,,,,,,,,,,,,
,,,,,,,,,,,,,,,,,,,,,,,,,,,,
,,,,,,,,,,,,,,,,,,,,,,,,,,,,
,,,,,,,,,,,,,,,,,,,,,,,,,,,,
,,,,,,,,,,,,,,,,,,,,,,,,,,,,
,,,,,,,,,,,,,,,,,,,,,,,,,,,,
,,,,,,,,,,,,,,,,,,,,,,,,,,,,
,,,,,,,,,,,,,,,,,,,,,,,,,,,,
,,,,,,,,,,,,,,,,,,,,,,,,,,,,
,,,,,,,,,,,,,,,,,,,,,,,,,,,,
,,,,,,,,,,,,,,,,,,,,,,,,,,,,
,,,,,,,,,,,,,,,,,,,,,,,,,,,,
,,,,,,,,,,,,,,,,,,,,,,,,,,,,
,,,,,,,,,,,,,,,,,,,,,,,,,,,,
,,,,,,,,,,,,,,,,,,,,,,,,,,,,
,,,,,,,,,,,,,,,,,,,,,,,,,,,,
,,,,,,,,,,,,,,,,,,,,,,,,,,,,
,,,,,,,,,,,,,,,,,,,,,,,,,,,,
,,,,,,,,,,,,,,,,,,,,,,,,,,,,
,,,,,,,,,,,,,,,,,,,,,,,,,,,,
,,,,,,,,,,,,,,,,,,,,,,,,,,,,
,,,,,,,,,,,,,,,,,,,,,,,,,,,,
,,,,,,,,,,,,,,,,,,,,,,,,,,,,
,,,,,,,,,,,,,,,,,,,,,,,,,,,,
,,,,,,,,,,,,,,,,,,,,,,,,,,,,
,,,,,,,,,,,,,,,,,,,,,,,,,,,,
,,,,,,,,,,,,,,,,,,,,,,,,,,,,
,,,,,,,,,,,,,,,,,,,,,,,,,,,,
,,,,,,,,,,,,,,,,,,,,,,,,,,,,
,,,,,,,,,,,,,,,,,,,,,,,,,,,,
,,,,,,,,,,,,,,,,,,,,,,,,,,,,
,,,,,,,,,,,,,,,,,,,,,,,,,,,,
,,,,,,,,,,,,,,,,,,,,,,,,,,,,
,,,,,,,,,,,,,,,,,,,,,,,,,,,,
,,,,,,,,,,,,,,,,,,,,,,,,,,,,
,,,,,,,,,,,,,,,,,,,,,,,,,,,,
,,,,,,,,,,,,,,,,,,,,,,,,,,,,
,,,,,,,,,,,,,,,,,,,,,,,,,,,,
,,,,,,,,,,,,,,,,,,,,,,,,,,,,
,,,,,,,,,,,,,,,,,,,,,,,,,,,,
,,,,,,,,,,,,,,,,,,,,,,,,,,,,
,,,,,,,,,,,,,,,,,,,,,,,,,,,,
,,,,,,,,,,,,,,,,,,,,,,,,,,,,
,,,,,,,,,,,,,,,,,,,,,,,,,,,,
,,,,,,,,,,,,,,,,,,,,,,,,,,,,
,,,,,,,,,,,,,,,,,,,,,,,,,,,,
,,,,,,,,,,,,,,,,,,,,,,,,,,,,
,,,,,,,,,,,,,,,,,,,,,,,,,,,,
,,,,,,,,,,,,,,,,,,,,,,,,,,,,
,,,,,,,,,,,,,,,,,,,,,,,,,,,,
,,,,,,,,,,,,,,,,,,,,,,,,,,,,
,,,,,,,,,,,,,,,,,,,,,,,,,,,,
,,,,,,,,,,,,,,,,,,,,,,,,,,,,
,,,,,,,,,,,,,,,,,,,,,,,,,,,,
,,,,,,,,,,,,,,,,,,,,,,,,,,,,
,,,,,,,,,,,,,,,,,,,,,,,,,,,,
,,,,,,,,,,,,,,,,,,,,,,,,,,,,
,,,,,,,,,,,,,,,,,,,,,,,,,,,,
,,,,,,,,,,,,,,,,,,,,,,,,,,,,
,,,,,,,,,,,,,,,,,,,,,,,,,,,,
,,,,,,,,,,,,,,,,,,,,,,,,,,,,
,,,,,,,,,,,,,,,,,,,,,,,,,,,,
,,,,,,,,,,,,,,,,,,,,,,,,,,,,
,,,,,,,,,,,,,,,,,,,,,,,,,,,,
,,,,,,,,,,,,,,,,,,,,,,,,,,,,
,,,,,,,,,,,,,,,,,,,,,,,,,,,,
,,,,,,,,,,,,,,,,,,,,,,,,,,,,
,,,,,,,,,,,,,,,,,,,,,,,,,,,,
,,,,,,,,,,,,,,,,,,,,,,,,,,,,
,,,,,,,,,,,,,,,,,,,,,,,,,,,,
,,,,,,,,,,,,,,,,,,,,,,,,,,,,
,,,,,,,,,,,,,,,,,,,,,,,,,,,,
,,,,,,,,,,,,,,,,,,,,,,,,,,,,
,,,,,,,,,,,,,,,,,,,,,,,,,,,,
,,,,,,,,,,,,,,,,,,,,,,,,,,,,
,,,,,,,,,,,,,,,,,,,,,,,,,,,,
,,,,,,,,,,,,,,,,,,,,,,,,,,,,
,,,,,,,,,,,,,,,,,,,,,,,,,,,,
,,,,,,,,,,,,,,,,,,,,,,,,,,,,
,,,,,,,,,,,,,,,,,,,,,,,,,,,,
,,,,,,,,,,,,,,,,,,,,,,,,,,,,
,,,,,,,,,,,,,,,,,,,,,,,,,,,,
,,,,,,,,,,,,,,,,,,,,,,,,,,,,
,,,,,,,,,,,,,,,,,,,,,,,,,,,,
,,,,,,,,,,,,,,,,,,,,,,,,,,,,
,,,,,,,,,,,,,,,,,,,,,,,,,,,,
,,,,,,,,,,,,,,,,,,,,,,,,,,,,
,,,,,,,,,,,,,,,,,,,,,,,,,,,,
,,,,,,,,,,,,,,,,,,,,,,,,,,,,
,,,,,,,,,,,,,,,,,,,,,,,,,,,,
,,,,,,,,,,,,,,,,,,,,,,,,,,,,
,,,,,,,,,,,,,,,,,,,,,,,,,,,,
,,,,,,,,,,,,,,,,,,,,,,,,,,,,
,,,,,,,,,,,,,,,,,,,,,,,,,,,,
,,,,,,,,,,,,,,,,,,,,,,,,,,,,
,,,,,,,,,,,,,,,,,,,,,,,,,,,,
,,,,,,,,,,,,,,,,,,,,,,,,,,,,
,,,,,,,,,,,,,,,,,,,,,,,,,,,,
,,,,,,,,,,,,,,,,,,,,,,,,,,,,
,,,,,,,,,,,,,,,,,,,,,,,,,,,,
,,,,,,,,,,,,,,,,,,,,,,,,,,,,
,,,,,,,,,,,,,,,,,,,,,,,,,,,,
,,,,,,,,,,,,,,,,,,,,,,,,,,,,
,,,,,,,,,,,,,,,,,,,,,,,,,,,,
,,,,,,,,,,,,,,,,,,,,,,,,,,,,
,,,,,,,,,,,,,,,,,,,,,,,,,,,,
,,,,,,,,,,,,,,,,,,,,,,,,,,,,
,,,,,,,,,,,,,,,,,,,,,,,,,,,,
,,,,,,,,,,,,,,,,,,,,,,,,,,,,
,,,,,,,,,,,,,,,,,,,,,,,,,,,,
,,,,,,,,,,,,,,,,,,,,,,,,,,,,
,,,,,,,,,,,,,,,,,,,,,,,,,,,,
,,,,,,,,,,,,,,,,,,,,,,,,,,,,
,,,,,,,,,,,,,,,,,,,,,,,,,,,,
,,,,,,,,,,,,,,,,,,,,,,,,,,,,
,,,,,,,,,,,,,,,,,,,,,,,,,,,,
,,,,,,,,,,,,,,,,,,,,,,,,,,,,
,,,,,,,,,,,,,,,,,,,,,,,,,,,,
,,,,,,,,,,,,,,,,,,,,,,,,,,,,
,,,,,,,,,,,,,,,,,,,,,,,,,,,,
,,,,,,,,,,,,,,,,,,,,,,,,,,,,
,,,,,,,,,,,,,,,,,,,,,,,,,,,,
,,,,,,,,,,,,,,,,,,,,,,,,,,,,
,,,,,,,,,,,,,,,,,,,,,,,,,,,,
,,,,,,,,,,,,,,,,,,,,,,,,,,,,
,,,,,,,,,,,,,,,,,,,,,,,,,,,,
,,,,,,,,,,,,,,,,,,,,,,,,,,,,
,,,,,,,,,,,,,,,,,,,,,,,,,,,,
,,,,,,,,,,,,,,,,,,,,,,,,,,,,
,,,,,,,,,,,,,,,,,,,,,,,,,,,,
,,,,,,,,,,,,,,,,,,,,,,,,,,,,
,,,,,,,,,,,,,,,,,,,,,,,,,,,,
,,,,,,,,,,,,,,,,,,,,,,,,,,,,
,,,,,,,,,,,,,,,,,,,,,,,,,,,,
,,,,,,,,,,,,,,,,,,,,,,,,,,,,
,,,,,,,,,,,,,,,,,,,,,,,,,,,,
,,,,,,,,,,,,,,,,,,,,,,,,,,,,
,,,,,,,,,,,,,,,,,,,,,,,,,,,,
,,,,,,,,,,,,,,,,,,,,,,,,,,,,
,,,,,,,,,,,,,,,,,,,,,,,,,,,,
,,,,,,,,,,,,,,,,,,,,,,,,,,,,
,,,,,,,,,,,,,,,,,,,,,,,,,,,,
,,,,,,,,,,,,,,,,,,,,,,,,,,,,
,,,,,,,,,,,,,,,,,,,,,,,,,,,,
,,,,,,,,,,,,,,,,,,,,,,,,,,,,
,,,,,,,,,,,,,,,,,,,,,,,,,,,,
,,,,,,,,,,,,,,,,,,,,,,,,,,,,
,,,,,,,,,,,,,,,,,,,,,,,,,,,,
,,,,,,,,,,,,,,,,,,,,,,,,,,,,
,,,,,,,,,,,,,,,,,,,,,,,,,,,,
,,,,,,,,,,,,,,,,,,,,,,,,,,,,
,,,,,,,,,,,,,,,,,,,,,,,,,,,,
,,,,,,,,,,,,,,,,,,,,,,,,,,,,
,,,,,,,,,,,,,,,,,,,,,,,,,,,,
,,,,,,,,,,,,,,,,,,,,,,,,,,,,
,,,,,,,,,,,,,,,,,,,,,,,,,,,,
,,,,,,,,,,,,,,,,,,,,,,,,,,,,
,,,,,,,,,,,,,,,,,,,,,,,,,,,,
,,,,,,,,,,,,,,,,,,,,,,,,,,,,
,,,,,,,,,,,,,,,,,,,,,,,,,,,,
,,,,,,,,,,,,,,,,,,,,,,,,,,,,
,,,,,,,,,,,,,,,,,,,,,,,,,,,,
,,,,,,,,,,,,,,,,,,,,,,,,,,,,
,,,,,,,,,,,,,,,,,,,,,,,,,,,,
,,,,,,,,,,,,,,,,,,,,,,,,,,,,
,,,,,,,,,,,,,,,,,,,,,,,,,,,,
,,,,,,,,,,,,,,,,,,,,,,,,,,,,
,,,,,,,,,,,,,,,,,,,,,,,,,,,,
,,,,,,,,,,,,,,,,,,,,,,,,,,,,
,,,,,,,,,,,,,,,,,,,,,,,,,,,,
,,,,,,,,,,,,,,,,,,,,,,,,,,,,
,,,,,,,,,,,,,,,,,,,,,,,,,,,,
,,,,,,,,,,,,,,,,,,,,,,,,,,,,
,,,,,,,,,,,,,,,,,,,,,,,,,,,,
,,,,,,,,,,,,,,,,,,,,,,,,,,,,
,,,,,,,,,,,,,,,,,,,,,,,,,,,,
,,,,,,,,,,,,,,,,,,,,,,,,,,,,
,,,,,,,,,,,,,,,,,,,,,,,,,,,,
,,,,,,,,,,,,,,,,,,,,,,,,,,,,
,,,,,,,,,,,,,,,,,,,,,,,,,,,,
,,,,,,,,,,,,,,,,,,,,,,,,,,,,
,,,,,,,,,,,,,,,,,,,,,,,,,,,,
,,,,,,,,,,,,,,,,,,,,,,,,,,,,
,,,,,,,,,,,,,,,,,,,,,,,,,,,,
,,,,,,,,,,,,,,,,,,,,,,,,,,,,
,,,,,,,,,,,,,,,,,,,,,,,,,,,,
,,,,,,,,,,,,,,,,,,,,,,,,,,,,
,,,,,,,,,,,,,,,,,,,,,,,,,,,,
,,,,,,,,,,,,,,,,,,,,,,,,,,,,
,,,,,,,,,,,,,,,,,,,,,,,,,,,,
,,,,,,,,,,,,,,,,,,,,,,,,,,,,
,,,,,,,,,,,,,,,,,,,,,,,,,,,,
,,,,,,,,,,,,,,,,,,,,,,,,,,,,
,,,,,,,,,,,,,,,,,,,,,,,,,,,,
,,,,,,,,,,,,,,,,,,,,,,,,,,,,
,,,,,,,,,,,,,,,,,,,,,,,,,,,,
,,,,,,,,,,,,,,,,,,,,,,,,,,,,
,,,,,,,,,,,,,,,,,,,,,,,,,,,,
,,,,,,,,,,,,,,,,,,,,,,,,,,,,
,,,,,,,,,,,,,,,,,,,,,,,,,,,,
,,,,,,,,,,,,,,,,,,,,,,,,,,,,
,,,,,,,,,,,,,,,,,,,,,,,,,,,,
,,,,,,,,,,,,,,,,,,,,,,,,,,,,
,,,,,,,,,,,,,,,,,,,,,,,,,,,,
,,,,,,,,,,,,,,,,,,,,,,,,,,,,
,,,,,,,,,,,,,,,,,,,,,,,,,,,,
,,,,,,,,,,,,,,,,,,,,,,,,,,,,
,,,,,,,,,,,,,,,,,,,,,,,,,,,,
,,,,,,,,,,,,,,,,,,,,,,,,,,,,
,,,,,,,,,,,,,,,,,,,,,,,,,,,,
,,,,,,,,,,,,,,,,,,,,,,,,,,,,
,,,,,,,,,,,,,,,,,,,,,,,,,,,,
,,,,,,,,,,,,,,,,,,,,,,,,,,,,
,,,,,,,,,,,,,,,,,,,,,,,,,,,,
,,,,,,,,,,,,,,,,,,,,,,,,,,,,
,,,,,,,,,,,,,,,,,,,,,,,,,,,,
,,,,,,,,,,,,,,,,,,,,,,,,,,,,
,,,,,,,,,,,,,,,,,,,,,,,,,,,,
,,,,,,,,,,,,,,,,,,,,,,,,,,,,
,,,,,,,,,,,,,,,,,,,,,,,,,,,,
,,,,,,,,,,,,,,,,,,,,,,,,,,,,
,,,,,,,,,,,,,,,,,,,,,,,,,,,,
,,,,,,,,,,,,,,,,,,,,,,,,,,,,
,,,,,,,,,,,,,,,,,,,,,,,,,,,,
,,,,,,,,,,,,,,,,,,,,,,,,,,,,
,,,,,,,,,,,,,,,,,,,,,,,,,,,,
,,,,,,,,,,,,,,,,,,,,,,,,,,,,
,,,,,,,,,,,,,,,,,,,,,,,,,,,,
,,,,,,,,,,,,,,,,,,,,,,,,,,,,
,,,,,,,,,,,,,,,,,,,,,,,,,,,,
,,,,,,,,,,,,,,,,,,,,,,,,,,,,
,,,,,,,,,,,,,,,,,,,,,,,,,,,,
,,,,,,,,,,,,,,,,,,,,,,,,,,,,
,,,,,,,,,,,,,,,,,,,,,,,,,,,,
,,,,,,,,,,,,,,,,,,,,,,,,,,,,
,,,,,,,,,,,,,,,,,,,,,,,,,,,,
,,,,,,,,,,,,,,,,,,,,,,,,,,,,
,,,,,,,,,,,,,,,,,,,,,,,,,,,,
,,,,,,,,,,,,,,,,,,,,,,,,,,,,
,,,,,,,,,,,,,,,,,,,,,,,,,,,,
,,,,,,,,,,,,,,,,,,,,,,,,,,,,
,,,,,,,,,,,,,,,,,,,,,,,,,,,,
,,,,,,,,,,,,,,,,,,,,,,,,,,,,
,,,,,,,,,,,,,,,,,,,,,,,,,,,,
,,,,,,,,,,,,,,,,,,,,,,,,,,,,
,,,,,,,,,,,,,,,,,,,,,,,,,,,,
,,,,,,,,,,,,,,,,,,,,,,,,,,,,
,,,,,,,,,,,,,,,,,,,,,,,,,,,,
,,,,,,,,,,,,,,,,,,,,,,,,,,,,
,,,,,,,,,,,,,,,,,,,,,,,,,,,,
,,,,,,,,,,,,,,,,,,,,,,,,,,,,
,,,,,,,,,,,,,,,,,,,,,,,,,,,,
,,,,,,,,,,,,,,,,,,,,,,,,,,,,
,,,,,,,,,,,,,,,,,,,,,,,,,,,,
,,,,,,,,,,,,,,,,,,,,,,,,,,,,
,,,,,,,,,,,,,,,,,,,,,,,,,,,,
,,,,,,,,,,,,,,,,,,,,,,,,,,,,
,,,,,,,,,,,,,,,,,,,,,,,,,,,,
,,,,,,,,,,,,,,,,,,,,,,,,,,,,
,,,,,,,,,,,,,,,,,,,,,,,,,,,,
,,,,,,,,,,,,,,,,,,,,,,,,,,,,
,,,,,,,,,,,,,,,,,,,,,,,,,,,,
,,,,,,,,,,,,,,,,,,,,,,,,,,,,
,,,,,,,,,,,,,,,,,,,,,,,,,,,,
,,,,,,,,,,,,,,,,,,,,,,,,,,,,
,,,,,,,,,,,,,,,,,,,,,,,,,,,,
,,,,,,,,,,,,,,,,,,,,,,,,,,,,
,,,,,,,,,,,,,,,,,,,,,,,,,,,,
,,,,,,,,,,,,,,,,,,,,,,,,,,,,
,,,,,,,,,,,,,,,,,,,,,,,,,,,,
,,,,,,,,,,,,,,,,,,,,,,,,,,,,
,,,,,,,,,,,,,,,,,,,,,,,,,,,,
,,,,,,,,,,,,,,,,,,,,,,,,,,,,
,,,,,,,,,,,,,,,,,,,,,,,,,,,,
,,,,,,,,,,,,,,,,,,,,,,,,,,,,
,,,,,,,,,,,,,,,,,,,,,,,,,,,,
,,,,,,,,,,,,,,,,,,,,,,,,,,,,
,,,,,,,,,,,,,,,,,,,,,,,,,,,,
,,,,,,,,,,,,,,,,,,,,,,,,,,,,
,,,,,,,,,,,,,,,,,,,,,,,,,,,,
,,,,,,,,,,,,,,,,,,,,,,,,,,,,
,,,,,,,,,,,,,,,,,,,,,,,,,,,,
,,,,,,,,,,,,,,,,,,,,,,,,,,,,
,,,,,,,,,,,,,,,,,,,,,,,,,,,,
,,,,,,,,,,,,,,,,,,,,,,,,,,,,
,,,,,,,,,,,,,,,,,,,,,,,,,,,,
,,,,,,,,,,,,,,,,,,,,,,,,,,,,
,,,,,,,,,,,,,,,,,,,,,,,,,,,,
,,,,,,,,,,,,,,,,,,,,,,,,,,,,
,,,,,,,,,,,,,,,,,,,,,,,,,,,,
,,,,,,,,,,,,,,,,,,,,,,,,,,,,
,,,,,,,,,,,,,,,,,,,,,,,,,,,,
,,,,,,,,,,,,,,,,,,,,,,,,,,,,
,,,,,,,,,,,,,,,,,,,,,,,,,,,,
,,,,,,,,,,,,,,,,,,,,,,,,,,,,
,,,,,,,,,,,,,,,,,,,,,,,,,,,,
,,,,,,,,,,,,,,,,,,,,,,,,,,,,
,,,,,,,,,,,,,,,,,,,,,,,,,,,,
,,,,,,,,,,,,,,,,,,,,,,,,,,,,
,,,,,,,,,,,,,,,,,,,,,,,,,,,,
,,,,,,,,,,,,,,,,,,,,,,,,,,,,
,,,,,,,,,,,,,,,,,,,,,,,,,,,,
,,,,,,,,,,,,,,,,,,,,,,,,,,,,
,,,,,,,,,,,,,,,,,,,,,,,,,,,,
,,,,,,,,,,,,,,,,,,,,,,,,,,,,
,,,,,,,,,,,,,,,,,,,,,,,,,,,,
,,,,,,,,,,,,,,,,,,,,,,,,,,,,
,,,,,,,,,,,,,,,,,,,,,,,,,,,,
,,,,,,,,,,,,,,,,,,,,,,,,,,,,
,,,,,,,,,,,,,,,,,,,,,,,,,,,,
,,,,,,,,,,,,,,,,,,,,,,,,,,,,
,,,,,,,,,,,,,,,,,,,,,,,,,,,,
,,,,,,,,,,,,,,,,,,,,,,,,,,,,
,,,,,,,,,,,,,,,,,,,,,,,,,,,,
,,,,,,,,,,,,,,,,,,,,,,,,,,,,
,,,,,,,,,,,,,,,,,,,,,,,,,,,,
,,,,,,,,,,,,,,,,,,,,,,,,,,,,
,,,,,,,,,,,,,,,,,,,,,,,,,,,,
,,,,,,,,,,,,,,,,,,,,,,,,,,,,
,,,,,,,,,,,,,,,,,,,,,,,,,,,,
,,,,,,,,,,,,,,,,,,,,,,,,,,,,
,,,,,,,,,,,,,,,,,,,,,,,,,,,,
,,,,,,,,,,,,,,,,,,,,,,,,,,,,
,,,,,,,,,,,,,,,,,,,,,,,,,,,,
,,,,,,,,,,,,,,,,,,,,,,,,,,,,
,,,,,,,,,,,,,,,,,,,,,,,,,,,,
,,,,,,,,,,,,,,,,,,,,,,,,,,,,
,,,,,,,,,,,,,,,,,,,,,,,,,,,,
,,,,,,,,,,,,,,,,,,,,,,,,,,,,
,,,,,,,,,,,,,,,,,,,,,,,,,,,,
,,,,,,,,,,,,,,,,,,,,,,,,,,,,
,,,,,,,,,,,,,,,,,,,,,,,,,,,,
,,,,,,,,,,,,,,,,,,,,,,,,,,,,
,,,,,,,,,,,,,,,,,,,,,,,,,,,,
,,,,,,,,,,,,,,,,,,,,,,,,,,,,
,,,,,,,,,,,,,,,,,,,,,,,,,,,,
,,,,,,,,,,,,,,,,,,,,,,,,,,,,
,,,,,,,,,,,,,,,,,,,,,,,,,,,,
